,scenario
0,11.0
1,15.0
2,10.0
3,0.0
4,1.0
5,4.0
6,6.0
7,10.0
8,2.0
9,9.0
10,10.0
11,5.0
12,9.0
13,14.0
14,4.0
15,5.0
16,15.0
17,0.0
18,2.0
19,1.0
20,8.0
21,1.0
22,8.0
23,13.0
24,2.0
25,4.0
26,14.0
27,11.0
28,10.0
29,13.0
30,12.0
31,11.0
32,6.0
33,6.0
34,0.0
35,2.0
36,14.0
37,2.0
38,5.0
39,6.0
40,1.0
41,3.0
42,0.0
43,11.0
44,15.0
45,10.0
46,4.0
47,5.0
48,13.0
49,13.0
50,8.0
51,13.0
52,4.0
53,15.0
54,12.0
55,12.0
56,6.0
57,14.0
58,2.0
59,2.0
60,2.0
61,11.0
62,13.0
63,1.0
64,9.0
65,6.0
66,3.0
67,10.0
68,9.0
69,11.0
70,10.0
71,7.0
72,6.0
73,11.0
74,14.0
75,15.0
76,3.0
77,3.0
78,8.0
79,1.0
80,2.0
81,15.0
82,11.0
83,8.0
84,7.0
85,3.0
86,4.0
87,3.0
88,0.0
89,13.0
90,14.0
91,12.0
92,5.0
93,8.0
94,10.0
95,13.0
96,4.0
97,13.0
98,14.0
99,1.0
100,7.0
101,9.0
102,6.0
103,13.0
104,11.0
105,12.0
106,15.0
107,7.0
108,11.0
109,1.0
110,0.0
111,7.0
112,6.0
113,15.0
114,0.0
115,5.0
116,6.0
117,13.0
118,5.0
119,9.0
120,9.0
121,11.0
122,6.0
123,13.0
124,14.0
125,7.0
126,7.0
127,11.0
128,13.0
129,11.0
130,11.0
131,5.0
132,6.0
133,11.0
134,8.0
135,12.0
136,3.0
137,3.0
138,5.0
139,8.0
140,11.0
141,10.0
142,7.0
143,8.0
144,0.0
145,4.0
146,3.0
147,1.0
148,7.0
149,8.0
150,5.0
151,15.0
152,7.0
153,9.0
154,1.0
155,14.0
156,12.0
157,11.0
158,0.0
159,4.0
160,14.0
161,10.0
162,11.0
163,0.0
164,3.0
165,11.0
166,4.0
167,10.0
168,11.0
169,1.0
170,7.0
171,7.0
172,0.0
173,2.0
174,1.0
175,0.0
176,2.0
177,4.0
178,13.0
179,5.0
180,3.0
181,4.0
182,0.0
183,15.0
184,15.0
185,8.0
186,8.0
187,8.0
188,8.0
189,1.0
190,6.0
191,6.0
192,0.0
193,14.0
194,14.0
195,15.0
196,12.0
197,10.0
198,14.0
199,4.0
200,4.0
201,8.0
202,2.0
203,9.0
204,1.0
205,7.0
206,1.0
207,13.0
208,3.0
209,12.0
210,9.0
211,2.0
212,9.0
213,2.0
214,4.0
215,10.0
216,10.0
217,6.0
218,6.0
219,3.0
220,15.0
221,14.0
222,3.0
223,6.0
224,1.0
225,10.0
226,12.0
227,10.0
228,1.0
229,6.0
230,10.0
231,6.0
232,1.0
233,6.0
234,14.0
235,15.0
236,13.0
237,1.0
238,2.0
239,6.0
240,7.0
241,4.0
242,13.0
243,4.0
244,0.0
245,14.0
246,14.0
247,7.0
248,4.0
249,13.0
250,6.0
251,15.0
252,10.0
253,3.0
254,2.0
255,10.0
256,4.0
257,0.0
258,7.0
259,4.0
260,5.0
261,3.0
262,9.0
263,10.0
264,1.0
265,11.0
266,13.0
267,6.0
268,13.0
269,13.0
270,7.0
271,4.0
272,13.0
273,12.0
274,9.0
275,14.0
276,10.0
277,6.0
278,5.0
279,14.0
280,1.0
281,9.0
282,14.0
283,4.0
284,9.0
285,12.0
286,4.0
287,6.0
288,6.0
289,12.0
290,7.0
291,14.0
292,1.0
293,2.0
294,12.0
295,8.0
296,6.0
297,10.0
298,0.0
299,6.0
300,4.0
301,5.0
302,6.0
303,11.0
304,5.0
305,12.0
306,3.0
307,8.0
308,15.0
309,15.0
310,2.0
311,13.0
312,5.0
313,14.0
314,0.0
315,12.0
316,8.0
317,15.0
318,2.0
319,14.0
320,0.0
321,4.0
322,0.0
323,10.0
324,2.0
325,13.0
326,8.0
327,4.0
328,4.0
329,6.0
330,14.0
331,7.0
332,12.0
333,11.0
334,13.0
335,1.0
336,15.0
337,7.0
338,1.0
339,3.0
340,7.0
341,14.0
342,0.0
343,9.0
344,8.0
345,10.0
346,11.0
347,9.0
348,11.0
349,6.0
350,3.0
351,6.0
352,13.0
353,6.0
354,8.0
355,13.0
356,14.0
357,14.0
358,12.0
359,0.0
360,1.0
361,1.0
362,2.0
363,12.0
364,1.0
365,7.0
366,2.0
367,15.0
368,1.0
369,8.0
370,15.0
371,15.0
372,5.0
373,15.0
374,11.0
375,5.0
376,7.0
377,9.0
378,8.0
379,15.0
380,10.0
381,8.0
382,4.0
383,4.0
384,11.0
385,14.0
386,11.0
387,13.0
388,5.0
389,3.0
390,3.0
391,3.0
392,2.0
393,13.0
394,14.0
395,14.0
396,8.0
397,6.0
398,4.0
399,8.0
400,4.0
401,15.0
402,4.0
403,6.0
404,11.0
405,8.0
406,13.0
407,1.0
408,4.0
409,15.0
410,5.0
411,7.0
412,0.0
413,12.0
414,9.0
415,3.0
416,9.0
417,7.0
418,7.0
419,6.0
420,14.0
421,1.0
422,6.0
423,5.0
424,13.0
425,6.0
426,3.0
427,0.0
428,13.0
429,15.0
430,12.0
431,7.0
432,0.0
433,9.0
434,11.0
435,1.0
436,8.0
437,9.0
438,4.0
439,3.0
440,12.0
441,12.0
442,14.0
443,5.0
444,13.0
445,6.0
446,10.0
447,8.0
448,9.0
449,5.0
450,8.0
451,13.0
452,3.0
453,3.0
454,10.0
455,2.0
456,9.0
457,12.0
458,15.0
459,6.0
460,4.0
461,4.0
462,12.0
463,9.0
464,5.0
465,13.0
466,7.0
467,5.0
468,14.0
469,9.0
470,8.0
471,10.0
472,9.0
473,8.0
474,2.0
475,13.0
476,2.0
477,10.0
478,2.0
479,7.0
480,13.0
481,8.0
482,2.0
483,6.0
484,0.0
485,9.0
486,3.0
487,15.0
488,0.0
489,14.0
490,6.0
491,9.0
492,3.0
493,9.0
494,5.0
495,12.0
496,4.0
497,11.0
498,11.0
499,4.0
500,8.0
501,14.0
502,10.0
503,14.0
504,7.0
505,3.0
506,11.0
507,3.0
508,0.0
509,6.0
510,3.0
511,3.0
512,2.0
513,12.0
514,8.0
515,14.0
516,15.0
517,14.0
518,12.0
519,15.0
520,1.0
521,4.0
522,15.0
523,11.0
524,11.0
525,1.0
526,3.0
527,0.0
528,9.0
529,15.0
530,9.0
531,0.0
532,6.0
533,8.0
534,6.0
535,9.0
536,11.0
537,3.0
538,3.0
539,12.0
540,15.0
541,5.0
542,2.0
543,8.0
544,0.0
545,14.0
546,5.0
547,6.0
548,13.0
549,6.0
550,6.0
551,7.0
552,15.0
553,8.0
554,11.0
555,14.0
556,13.0
557,4.0
558,8.0
559,7.0
560,13.0
561,9.0
562,4.0
563,10.0
564,7.0
565,7.0
566,9.0
567,12.0
568,7.0
569,12.0
570,1.0
571,5.0
572,7.0
573,8.0
574,12.0
575,5.0
576,15.0
577,13.0
578,12.0
579,4.0
580,6.0
581,10.0
582,4.0
583,2.0
584,12.0
585,10.0
586,5.0
587,7.0
588,11.0
589,5.0
590,0.0
591,3.0
592,9.0
593,8.0
594,12.0
595,13.0
596,2.0
597,8.0
598,2.0
599,14.0
600,7.0
601,3.0
602,9.0
603,6.0
604,10.0
605,1.0
606,10.0
607,13.0
608,7.0
609,2.0
610,0.0
611,4.0
612,14.0
613,10.0
614,14.0
615,5.0
616,2.0
617,13.0
618,15.0
619,6.0
620,14.0
621,1.0
622,12.0
623,6.0
624,6.0
625,1.0
626,1.0
627,7.0
628,8.0
629,12.0
630,4.0
631,0.0
632,7.0
633,3.0
634,10.0
635,0.0
636,13.0
637,0.0
638,3.0
639,4.0
640,3.0
641,15.0
642,9.0
643,2.0
644,10.0
645,4.0
646,0.0
647,9.0
648,9.0
649,14.0
650,7.0
651,10.0
652,4.0
653,2.0
654,12.0
655,8.0
656,8.0
657,15.0
658,9.0
659,11.0
660,0.0
661,9.0
662,3.0
663,7.0
664,11.0
665,15.0
666,0.0
667,3.0
668,1.0
669,5.0
670,4.0
671,12.0
672,13.0
673,7.0
674,13.0
675,13.0
676,1.0
677,9.0
678,8.0
679,5.0
680,9.0
681,3.0
682,2.0
683,0.0
684,0.0
685,14.0
686,1.0
687,3.0
688,11.0
689,14.0
690,15.0
691,0.0
692,6.0
693,10.0
694,13.0
695,9.0
696,12.0
697,2.0
698,6.0
699,1.0
700,14.0
701,15.0
702,7.0
703,5.0
704,11.0
705,13.0
706,7.0
707,1.0
708,9.0
709,2.0
710,7.0
711,6.0
712,11.0
713,2.0
714,11.0
715,1.0
716,12.0
717,2.0
718,3.0
719,4.0
720,11.0
721,2.0
722,8.0
723,5.0
724,9.0
725,13.0
726,14.0
727,11.0
728,11.0
729,14.0
730,1.0
731,5.0
732,2.0
733,4.0
734,8.0
735,3.0
736,15.0
737,15.0
738,5.0
739,4.0
740,10.0
741,0.0
742,15.0
743,4.0
744,12.0
745,10.0
746,12.0
747,8.0
748,12.0
749,5.0
750,7.0
751,13.0
752,8.0
753,10.0
754,13.0
755,5.0
756,15.0
757,9.0
758,5.0
759,4.0
760,1.0
761,0.0
762,13.0
763,9.0
764,0.0
765,13.0
766,9.0
767,14.0
768,0.0
769,6.0
770,7.0
771,5.0
772,5.0
773,7.0
774,6.0
775,8.0
776,5.0
777,8.0
778,6.0
779,11.0
780,12.0
781,3.0
782,1.0
783,11.0
784,9.0
785,5.0
786,8.0
787,13.0
788,6.0
789,11.0
790,5.0
791,9.0
792,12.0
793,6.0
794,12.0
795,3.0
796,6.0
797,7.0
798,4.0
799,5.0
800,9.0
801,7.0
802,8.0
803,9.0
804,14.0
805,9.0
806,1.0
807,3.0
808,12.0
809,8.0
810,4.0
811,7.0
812,7.0
813,6.0
814,11.0
815,14.0
816,2.0
817,1.0
818,8.0
819,0.0
820,11.0
821,13.0
822,7.0
823,15.0
824,5.0
825,6.0
826,14.0
827,13.0
828,9.0
829,6.0
830,0.0
831,6.0
832,6.0
833,12.0
834,7.0
835,3.0
836,1.0
837,6.0
838,2.0
839,8.0
840,15.0
841,5.0
842,6.0
843,12.0
844,4.0
845,8.0
846,4.0
847,9.0
848,10.0
849,11.0
850,4.0
851,5.0
852,5.0
853,0.0
854,10.0
855,1.0
856,15.0
857,3.0
858,8.0
859,12.0
860,15.0
861,1.0
862,5.0
863,9.0
864,10.0
865,11.0
866,10.0
867,11.0
868,0.0
869,1.0
870,13.0
871,9.0
872,4.0
873,12.0
874,14.0
875,11.0
876,7.0
877,6.0
878,4.0
879,1.0
880,13.0
881,3.0
882,12.0
883,8.0
884,9.0
885,10.0
886,7.0
887,4.0
888,0.0
889,8.0
890,6.0
891,13.0
892,13.0
893,9.0
894,1.0
895,2.0
896,15.0
897,15.0
898,14.0
899,12.0
900,4.0
901,11.0
902,15.0
903,11.0
904,2.0
905,8.0
906,3.0
907,3.0
908,4.0
909,3.0
910,10.0
911,4.0
912,11.0
913,7.0
914,7.0
915,1.0
916,6.0
917,8.0
918,13.0
919,2.0
920,14.0
921,5.0
922,5.0
923,5.0
924,1.0
925,1.0
926,6.0
927,5.0
928,12.0
929,4.0
930,11.0
931,2.0
932,0.0
933,2.0
934,3.0
935,11.0
936,3.0
937,13.0
938,4.0
939,7.0
940,15.0
941,1.0
942,8.0
943,3.0
944,8.0
945,5.0
946,5.0
947,11.0
948,8.0
949,3.0
950,0.0
951,7.0
952,12.0
953,0.0
954,9.0
955,13.0
956,15.0
957,13.0
958,12.0
959,12.0
960,7.0
961,12.0
962,2.0
963,0.0
964,1.0
965,1.0
966,2.0
967,8.0
968,4.0
969,8.0
970,0.0
971,7.0
972,10.0
973,4.0
974,8.0
975,4.0
976,9.0
977,10.0
978,2.0
979,6.0
980,11.0
981,2.0
982,14.0
983,13.0
984,4.0
985,13.0
986,10.0
987,15.0
988,9.0
989,10.0
990,0.0
991,3.0
992,12.0
993,0.0
994,2.0
995,14.0
996,9.0
997,12.0
998,6.0
999,5.0
1000,15.0
1001,14.0
1002,3.0
1003,0.0
1004,9.0
1005,1.0
1006,2.0
1007,7.0
1008,15.0
1009,15.0
1010,2.0
1011,10.0
1012,6.0
1013,3.0
1014,14.0
1015,14.0
1016,4.0
1017,10.0
1018,15.0
1019,7.0
1020,1.0
1021,8.0
1022,10.0
1023,0.0
1024,11.0
1025,10.0
1026,2.0
1027,6.0
1028,13.0
1029,8.0
1030,7.0
1031,8.0
1032,14.0
1033,5.0
1034,5.0
1035,8.0
1036,7.0
1037,0.0
1038,4.0
1039,6.0
1040,9.0
1041,0.0
1042,8.0
1043,0.0
1044,11.0
1045,6.0
1046,8.0
1047,1.0
1048,7.0
1049,13.0
1050,4.0
1051,11.0
1052,13.0
1053,11.0
1054,5.0
1055,15.0
1056,8.0
1057,15.0
1058,14.0
1059,15.0
1060,6.0
1061,8.0
1062,2.0
1063,1.0
1064,2.0
1065,2.0
1066,13.0
1067,5.0
1068,11.0
1069,15.0
1070,10.0
1071,14.0
1072,7.0
1073,4.0
1074,15.0
1075,5.0
1076,2.0
1077,1.0
1078,5.0
1079,8.0
1080,2.0
1081,1.0
1082,4.0
1083,2.0
1084,3.0
1085,12.0
1086,15.0
1087,10.0
1088,13.0
1089,7.0
1090,9.0
1091,2.0
1092,0.0
1093,6.0
1094,7.0
1095,0.0
1096,10.0
1097,2.0
1098,7.0
1099,3.0
1100,6.0
1101,13.0
1102,8.0
1103,14.0
1104,13.0
1105,3.0
1106,12.0
1107,12.0
1108,7.0
1109,5.0
1110,3.0
1111,3.0
1112,5.0
1113,3.0
1114,15.0
1115,10.0
1116,5.0
1117,4.0
1118,11.0
1119,3.0
1120,3.0
1121,7.0
1122,13.0
1123,0.0
1124,6.0
1125,9.0
1126,11.0
1127,6.0
1128,2.0
1129,10.0
1130,7.0
1131,15.0
1132,3.0
1133,5.0
1134,6.0
1135,13.0
1136,15.0
1137,0.0
1138,15.0
1139,6.0
1140,15.0
1141,6.0
1142,15.0
1143,4.0
1144,0.0
1145,8.0
1146,5.0
1147,11.0
1148,1.0
1149,8.0
1150,12.0
1151,8.0
1152,2.0
1153,6.0
1154,0.0
1155,9.0
1156,15.0
1157,0.0
1158,7.0
1159,6.0
1160,13.0
1161,13.0
1162,4.0
1163,11.0
1164,2.0
1165,0.0
1166,11.0
1167,12.0
1168,2.0
1169,11.0
1170,3.0
1171,9.0
1172,9.0
1173,12.0
1174,4.0
1175,9.0
1176,11.0
1177,7.0
1178,9.0
1179,15.0
1180,7.0
1181,7.0
1182,12.0
1183,9.0
1184,3.0
1185,1.0
1186,5.0
1187,3.0
1188,9.0
1189,11.0
1190,10.0
1191,13.0
1192,12.0
1193,8.0
1194,0.0
1195,15.0
1196,1.0
1197,2.0
1198,7.0
1199,5.0
1200,3.0
1201,13.0
1202,5.0
1203,9.0
1204,14.0
1205,0.0
1206,12.0
1207,6.0
1208,7.0
1209,6.0
1210,12.0
1211,13.0
1212,5.0
1213,2.0
1214,10.0
1215,4.0
1216,6.0
1217,2.0
1218,6.0
1219,0.0
1220,12.0
1221,12.0
1222,0.0
1223,14.0
1224,7.0
1225,2.0
1226,6.0
1227,9.0
1228,10.0
1229,2.0
1230,1.0
1231,7.0
1232,10.0
1233,5.0
1234,15.0
1235,13.0
1236,5.0
1237,2.0
1238,1.0
1239,4.0
1240,8.0
1241,9.0
1242,3.0
1243,1.0
1244,2.0
1245,8.0
1246,12.0
1247,15.0
1248,14.0
1249,6.0
1250,11.0
1251,4.0
1252,12.0
1253,8.0
1254,15.0
1255,4.0
1256,6.0
1257,14.0
1258,1.0
1259,10.0
1260,4.0
1261,11.0
1262,6.0
1263,11.0
1264,15.0
1265,8.0
1266,13.0
1267,10.0
1268,9.0
1269,2.0
1270,12.0
1271,10.0
1272,8.0
1273,10.0
1274,15.0
1275,13.0
1276,7.0
1277,0.0
1278,1.0
1279,2.0
1280,13.0
1281,5.0
1282,6.0
1283,14.0
1284,0.0
1285,15.0
1286,6.0
1287,8.0
1288,12.0
1289,1.0
1290,13.0
1291,6.0
1292,7.0
1293,9.0
1294,10.0
1295,11.0
1296,12.0
1297,2.0
1298,2.0
1299,14.0
1300,5.0
1301,5.0
1302,3.0
1303,14.0
1304,6.0
1305,12.0
1306,10.0
1307,14.0
1308,13.0
1309,5.0
1310,14.0
1311,8.0
1312,10.0
1313,0.0
1314,5.0
1315,11.0
1316,4.0
1317,2.0
1318,2.0
1319,1.0
1320,1.0
1321,14.0
1322,13.0
1323,13.0
1324,3.0
1325,6.0
1326,7.0
1327,8.0
1328,15.0
1329,15.0
1330,0.0
1331,9.0
1332,9.0
1333,8.0
1334,2.0
1335,5.0
1336,2.0
1337,5.0
1338,0.0
1339,3.0
1340,4.0
1341,5.0
1342,3.0
1343,2.0
1344,3.0
1345,2.0
1346,3.0
1347,14.0
1348,4.0
1349,9.0
1350,13.0
1351,13.0
1352,15.0
1353,4.0
1354,1.0
1355,12.0
1356,7.0
1357,11.0
1358,2.0
1359,1.0
1360,9.0
1361,2.0
1362,2.0
1363,11.0
1364,6.0
1365,15.0
1366,8.0
1367,13.0
1368,5.0
1369,0.0
1370,8.0
1371,9.0
1372,4.0
1373,9.0
1374,0.0
1375,5.0
1376,11.0
1377,1.0
1378,0.0
1379,15.0
1380,1.0
1381,10.0
1382,14.0
1383,6.0
1384,15.0
1385,0.0
1386,14.0
1387,1.0
1388,1.0
1389,2.0
1390,9.0
1391,6.0
1392,11.0
1393,8.0
1394,4.0
1395,11.0
1396,8.0
1397,0.0
1398,3.0
1399,9.0
1400,8.0
1401,11.0
1402,15.0
1403,6.0
1404,0.0
1405,4.0
1406,15.0
1407,7.0
1408,1.0
1409,9.0
1410,4.0
1411,11.0
1412,10.0
1413,12.0
1414,3.0
1415,10.0
1416,2.0
1417,9.0
1418,2.0
1419,2.0
1420,6.0
1421,8.0
1422,3.0
1423,8.0
1424,10.0
1425,11.0
1426,3.0
1427,8.0
1428,14.0
1429,5.0
1430,7.0
1431,14.0
1432,9.0
1433,7.0
1434,10.0
1435,14.0
1436,7.0
1437,6.0
1438,15.0
1439,0.0
1440,6.0
1441,9.0
1442,11.0
1443,10.0
1444,3.0
1445,11.0
1446,8.0
1447,15.0
1448,10.0
1449,14.0
1450,9.0
1451,11.0
1452,3.0
1453,6.0
1454,14.0
1455,10.0
1456,7.0
1457,3.0
1458,2.0
1459,2.0
1460,4.0
1461,13.0
1462,12.0
1463,0.0
1464,4.0
1465,5.0
1466,9.0
1467,0.0
1468,7.0
1469,14.0
1470,5.0
1471,5.0
1472,12.0
1473,11.0
1474,3.0
1475,5.0
1476,12.0
1477,11.0
1478,0.0
1479,3.0
1480,5.0
1481,2.0
1482,4.0
1483,6.0
1484,6.0
1485,4.0
1486,6.0
1487,14.0
1488,11.0
1489,7.0
1490,2.0
1491,8.0
1492,5.0
1493,4.0
1494,6.0
1495,4.0
1496,11.0
1497,2.0
1498,12.0
1499,4.0
1500,7.0
1501,14.0
1502,5.0
1503,5.0
1504,11.0
1505,15.0
1506,7.0
1507,11.0
1508,4.0
1509,0.0
1510,2.0
1511,1.0
1512,14.0
1513,1.0
1514,8.0
1515,13.0
1516,8.0
1517,9.0
1518,2.0
1519,0.0
1520,5.0
1521,4.0
1522,11.0
1523,2.0
1524,3.0
1525,5.0
1526,8.0
1527,15.0
1528,13.0
1529,5.0
1530,5.0
1531,1.0
1532,1.0
1533,0.0
1534,10.0
1535,11.0
1536,11.0
1537,5.0
1538,14.0
1539,12.0
1540,11.0
1541,3.0
1542,11.0
1543,6.0
1544,5.0
1545,11.0
1546,8.0
1547,4.0
1548,8.0
1549,4.0
1550,0.0
1551,13.0
1552,5.0
1553,6.0
1554,14.0
1555,9.0
1556,0.0
1557,6.0
1558,5.0
1559,0.0
1560,6.0
1561,10.0
1562,15.0
1563,11.0
1564,8.0
1565,6.0
1566,10.0
1567,2.0
1568,14.0
1569,4.0
1570,15.0
1571,10.0
1572,11.0
1573,5.0
1574,2.0
1575,3.0
1576,6.0
1577,0.0
1578,13.0
1579,1.0
1580,11.0
1581,3.0
1582,8.0
1583,6.0
1584,4.0
1585,3.0
1586,15.0
1587,10.0
1588,3.0
1589,3.0
1590,15.0
1591,12.0
1592,4.0
1593,3.0
1594,13.0
1595,4.0
1596,5.0
1597,0.0
1598,12.0
1599,13.0
1600,7.0
1601,11.0
1602,5.0
1603,13.0
1604,10.0
1605,14.0
1606,8.0
1607,9.0
1608,15.0
1609,14.0
1610,13.0
1611,5.0
1612,6.0
1613,11.0
1614,1.0
1615,2.0
1616,0.0
1617,1.0
1618,1.0
1619,14.0
1620,0.0
1621,9.0
1622,3.0
1623,9.0
1624,10.0
1625,7.0
1626,14.0
1627,2.0
1628,8.0
1629,6.0
1630,14.0
1631,4.0
1632,9.0
1633,0.0
1634,6.0
1635,8.0
1636,6.0
1637,14.0
1638,1.0
1639,10.0
1640,12.0
1641,9.0
1642,0.0
1643,8.0
1644,4.0
1645,14.0
1646,7.0
1647,14.0
1648,2.0
1649,9.0
1650,15.0
1651,7.0
1652,3.0
1653,12.0
1654,14.0
1655,1.0
1656,0.0
1657,2.0
1658,3.0
1659,4.0
1660,2.0
1661,3.0
1662,4.0
1663,9.0
1664,2.0
1665,10.0
1666,5.0
1667,9.0
1668,1.0
1669,5.0
1670,15.0
1671,7.0
1672,8.0
1673,11.0
1674,2.0
1675,0.0
1676,4.0
1677,9.0
1678,7.0
1679,8.0
1680,14.0
1681,3.0
1682,11.0
1683,9.0
1684,4.0
1685,3.0
1686,5.0
1687,6.0
1688,12.0
1689,6.0
1690,14.0
1691,3.0
1692,9.0
1693,2.0
1694,1.0
1695,6.0
1696,2.0
1697,7.0
1698,1.0
1699,2.0
1700,12.0
1701,5.0
1702,3.0
1703,1.0
1704,10.0
1705,2.0
1706,5.0
1707,1.0
1708,3.0
1709,1.0
1710,9.0
1711,11.0
1712,6.0
1713,1.0
1714,10.0
1715,10.0
1716,2.0
1717,1.0
1718,3.0
1719,10.0
1720,8.0
1721,6.0
1722,13.0
1723,0.0
1724,2.0
1725,7.0
1726,11.0
1727,0.0
1728,15.0
1729,9.0
1730,8.0
1731,13.0
1732,9.0
1733,4.0
1734,3.0
1735,6.0
1736,9.0
1737,12.0
1738,9.0
1739,10.0
1740,4.0
1741,14.0
1742,8.0
1743,8.0
1744,8.0
1745,9.0
1746,13.0
1747,12.0
1748,13.0
1749,3.0
1750,1.0
1751,3.0
1752,14.0
1753,14.0
1754,15.0
1755,7.0
1756,3.0
1757,7.0
1758,5.0
1759,15.0
1760,3.0
1761,9.0
1762,15.0
1763,12.0
1764,11.0
1765,11.0
1766,8.0
1767,11.0
1768,4.0
1769,0.0
1770,10.0
1771,0.0
1772,8.0
1773,0.0
1774,13.0
1775,13.0
1776,6.0
1777,8.0
1778,12.0
1779,9.0
1780,1.0
1781,3.0
1782,6.0
1783,3.0
1784,5.0
1785,3.0
1786,1.0
1787,6.0
1788,13.0
1789,0.0
1790,10.0
1791,10.0
1792,10.0
1793,14.0
1794,9.0
1795,7.0
1796,5.0
1797,5.0
1798,7.0
1799,10.0
1800,8.0
1801,0.0
1802,1.0
1803,9.0
1804,2.0
1805,10.0
1806,7.0
1807,8.0
1808,2.0
1809,11.0
1810,13.0
1811,9.0
1812,6.0
1813,9.0
1814,10.0
1815,2.0
1816,9.0
1817,10.0
1818,13.0
1819,7.0
1820,9.0
1821,8.0
1822,12.0
1823,15.0
1824,12.0
1825,12.0
1826,2.0
1827,2.0
1828,15.0
1829,8.0
1830,12.0
1831,9.0
1832,2.0
1833,14.0
1834,11.0
1835,4.0
1836,3.0
1837,11.0
1838,10.0
1839,4.0
1840,13.0
1841,0.0
1842,12.0
1843,7.0
1844,5.0
1845,3.0
1846,4.0
1847,3.0
1848,0.0
1849,2.0
1850,11.0
1851,8.0
1852,0.0
1853,9.0
1854,12.0
1855,6.0
1856,13.0
1857,15.0
1858,15.0
1859,3.0
1860,14.0
1861,13.0
1862,6.0
1863,11.0
1864,6.0
1865,4.0
1866,5.0
1867,7.0
1868,3.0
1869,5.0
1870,13.0
1871,0.0
1872,7.0
1873,9.0
1874,4.0
1875,5.0
1876,0.0
1877,11.0
1878,10.0
1879,15.0
1880,14.0
1881,2.0
1882,12.0
1883,1.0
1884,2.0
1885,7.0
1886,4.0
1887,10.0
1888,8.0
1889,6.0
1890,15.0
1891,13.0
1892,6.0
1893,13.0
1894,3.0
1895,2.0
1896,4.0
1897,6.0
1898,5.0
1899,7.0
1900,0.0
1901,4.0
1902,12.0
1903,6.0
1904,13.0
1905,6.0
1906,9.0
1907,1.0
1908,11.0
1909,14.0
1910,11.0
1911,7.0
1912,6.0
1913,3.0
1914,10.0
1915,2.0
1916,1.0
1917,8.0
1918,2.0
1919,4.0
1920,5.0
1921,2.0
1922,4.0
1923,15.0
1924,2.0
1925,8.0
1926,1.0
1927,6.0
1928,7.0
1929,0.0
1930,7.0
1931,1.0
1932,7.0
1933,7.0
1934,11.0
1935,1.0
1936,6.0
1937,13.0
1938,3.0
1939,1.0
1940,0.0
1941,13.0
1942,3.0
1943,7.0
1944,2.0
1945,15.0
1946,4.0
1947,11.0
1948,0.0
1949,8.0
1950,12.0
1951,14.0
1952,6.0
1953,0.0
1954,5.0
1955,2.0
1956,9.0
1957,5.0
1958,11.0
1959,0.0
1960,4.0
1961,0.0
1962,9.0
1963,13.0
1964,9.0
1965,7.0
1966,0.0
1967,11.0
1968,1.0
1969,7.0
1970,4.0
1971,15.0
1972,1.0
1973,6.0
1974,10.0
1975,13.0
1976,8.0
1977,7.0
1978,2.0
1979,0.0
1980,9.0
1981,0.0
1982,2.0
1983,13.0
1984,14.0
1985,7.0
1986,9.0
1987,11.0
1988,3.0
1989,13.0
1990,1.0
1991,12.0
1992,12.0
1993,14.0
1994,7.0
1995,7.0
1996,1.0
1997,11.0
1998,8.0
1999,12.0
2000,6.0
2001,1.0
2002,8.0
2003,3.0
2004,0.0
2005,13.0
2006,2.0
2007,12.0
2008,8.0
2009,3.0
2010,13.0
2011,6.0
2012,15.0
2013,2.0
2014,7.0
2015,5.0
2016,5.0
2017,13.0
2018,14.0
2019,5.0
2020,4.0
2021,2.0
2022,15.0
2023,10.0
2024,15.0
2025,6.0
2026,3.0
2027,13.0
2028,4.0
2029,13.0
2030,4.0
2031,3.0
2032,7.0
2033,2.0
2034,9.0
2035,11.0
2036,4.0
2037,12.0
2038,7.0
2039,6.0
2040,6.0
2041,5.0
2042,14.0
2043,12.0
2044,3.0
2045,10.0
2046,9.0
2047,0.0
2048,10.0
2049,8.0
2050,11.0
2051,12.0
2052,5.0
2053,5.0
2054,9.0
2055,4.0
2056,8.0
2057,10.0
2058,5.0
2059,7.0
2060,0.0
2061,7.0
2062,1.0
2063,12.0
2064,9.0
2065,13.0
2066,15.0
2067,15.0
2068,6.0
2069,8.0
2070,11.0
2071,0.0
2072,15.0
2073,2.0
2074,1.0
2075,14.0
2076,15.0
2077,13.0
2078,3.0
2079,6.0
2080,8.0
2081,13.0
2082,6.0
2083,3.0
2084,10.0
2085,5.0
2086,6.0
2087,0.0
2088,11.0
2089,11.0
2090,14.0
2091,2.0
2092,1.0
2093,4.0
2094,15.0
2095,4.0
2096,15.0
2097,5.0
2098,4.0
2099,2.0
2100,2.0
2101,13.0
2102,9.0
2103,10.0
2104,9.0
2105,6.0
2106,3.0
2107,0.0
2108,2.0
2109,3.0
2110,13.0
2111,2.0
2112,10.0
2113,14.0
2114,4.0
2115,11.0
2116,13.0
2117,11.0
2118,1.0
2119,15.0
2120,6.0
2121,14.0
2122,4.0
2123,8.0
2124,12.0
2125,5.0
2126,1.0
2127,12.0
2128,14.0
2129,3.0
2130,2.0
2131,10.0
2132,8.0
2133,3.0
2134,3.0
2135,6.0
2136,7.0
2137,6.0
2138,0.0
2139,8.0
2140,5.0
2141,0.0
2142,9.0
2143,12.0
2144,3.0
2145,10.0
2146,11.0
2147,14.0
2148,2.0
2149,0.0
2150,11.0
2151,12.0
2152,4.0
2153,11.0
2154,15.0
2155,5.0
2156,1.0
2157,11.0
2158,2.0
2159,0.0
2160,4.0
2161,4.0
2162,13.0
2163,1.0
2164,4.0
2165,14.0
2166,1.0
2167,2.0
2168,15.0
2169,6.0
2170,10.0
2171,12.0
2172,5.0
2173,1.0
2174,7.0
2175,12.0
2176,5.0
2177,2.0
2178,14.0
2179,15.0
2180,2.0
2181,6.0
2182,12.0
2183,8.0
2184,12.0
2185,13.0
2186,8.0
2187,7.0
2188,6.0
2189,11.0
2190,7.0
2191,1.0
2192,13.0
2193,1.0
2194,3.0
2195,12.0
2196,2.0
2197,3.0
2198,9.0
2199,13.0
2200,13.0
2201,15.0
2202,10.0
2203,13.0
2204,6.0
2205,1.0
2206,6.0
2207,7.0
2208,9.0
2209,9.0
2210,3.0
2211,7.0
2212,2.0
2213,13.0
2214,7.0
2215,8.0
2216,6.0
2217,7.0
2218,6.0
2219,9.0
2220,0.0
2221,4.0
2222,1.0
2223,12.0
2224,15.0
2225,9.0
2226,6.0
2227,14.0
2228,0.0
2229,4.0
2230,1.0
2231,5.0
2232,4.0
2233,6.0
2234,11.0
2235,9.0
2236,13.0
2237,15.0
2238,2.0
2239,12.0
2240,1.0
2241,8.0
2242,11.0
2243,4.0
2244,15.0
2245,0.0
2246,13.0
2247,0.0
2248,1.0
2249,5.0
2250,10.0
2251,13.0
2252,5.0
2253,5.0
2254,11.0
2255,8.0
2256,9.0
2257,7.0
2258,10.0
2259,13.0
2260,15.0
2261,2.0
2262,0.0
2263,4.0
2264,6.0
2265,7.0
2266,2.0
2267,9.0
2268,6.0
2269,8.0
2270,1.0
2271,4.0
2272,14.0
2273,9.0
2274,9.0
2275,1.0
2276,3.0
2277,1.0
2278,12.0
2279,14.0
2280,12.0
2281,9.0
2282,1.0
2283,0.0
2284,2.0
2285,0.0
2286,12.0
2287,0.0
2288,8.0
2289,0.0
2290,7.0
2291,1.0
2292,0.0
2293,15.0
2294,1.0
2295,8.0
2296,5.0
2297,5.0
2298,0.0
2299,8.0
2300,6.0
2301,2.0
2302,2.0
2303,10.0
2304,6.0
2305,5.0
2306,14.0
2307,13.0
2308,2.0
2309,7.0
2310,8.0
2311,4.0
2312,9.0
2313,11.0
2314,11.0
2315,5.0
2316,1.0
2317,10.0
2318,7.0
2319,9.0
2320,2.0
2321,15.0
2322,11.0
2323,3.0
2324,8.0
2325,7.0
2326,3.0
2327,1.0
2328,3.0
2329,13.0
2330,4.0
2331,10.0
2332,4.0
2333,9.0
2334,13.0
2335,14.0
2336,7.0
2337,4.0
2338,8.0
2339,12.0
2340,11.0
2341,9.0
2342,12.0
2343,3.0
2344,0.0
2345,14.0
2346,13.0
2347,9.0
2348,10.0
2349,7.0
2350,14.0
2351,8.0
2352,12.0
2353,1.0
2354,8.0
2355,2.0
2356,14.0
2357,9.0
2358,9.0
2359,14.0
2360,6.0
2361,6.0
2362,4.0
2363,8.0
2364,12.0
2365,8.0
2366,15.0
2367,14.0
2368,1.0
2369,15.0
2370,9.0
2371,6.0
2372,0.0
2373,10.0
2374,7.0
2375,2.0
2376,9.0
2377,2.0
2378,6.0
2379,9.0
2380,1.0
2381,12.0
2382,12.0
2383,8.0
2384,3.0
2385,11.0
2386,13.0
2387,9.0
2388,3.0
2389,5.0
2390,10.0
2391,4.0
2392,5.0
2393,11.0
2394,0.0
2395,15.0
2396,9.0
2397,6.0
2398,0.0
2399,14.0
2400,6.0
2401,14.0
2402,2.0
2403,6.0
2404,8.0
2405,3.0
2406,2.0
2407,1.0
2408,5.0
2409,8.0
2410,9.0
2411,7.0
2412,5.0
2413,14.0
2414,0.0
2415,0.0
2416,8.0
2417,15.0
2418,12.0
2419,5.0
2420,11.0
2421,2.0
2422,3.0
2423,6.0
2424,8.0
2425,13.0
2426,9.0
2427,8.0
2428,15.0
2429,2.0
2430,6.0
2431,8.0
2432,10.0
2433,13.0
2434,15.0
2435,0.0
2436,1.0
2437,10.0
2438,2.0
2439,14.0
2440,3.0
2441,1.0
2442,13.0
2443,7.0
2444,1.0
2445,9.0
2446,1.0
2447,5.0
2448,3.0
2449,1.0
2450,9.0
2451,3.0
2452,9.0
2453,7.0
2454,9.0
2455,11.0
2456,2.0
2457,12.0
2458,13.0
2459,0.0
2460,2.0
2461,6.0
2462,5.0
2463,8.0
2464,2.0
2465,8.0
2466,5.0
2467,1.0
2468,6.0
2469,5.0
2470,14.0
2471,0.0
2472,3.0
2473,13.0
2474,6.0
2475,3.0
2476,11.0
2477,6.0
2478,7.0
2479,7.0
2480,0.0
2481,12.0
2482,13.0
2483,11.0
2484,15.0
2485,15.0
2486,5.0
2487,10.0
2488,2.0
2489,10.0
2490,11.0
2491,3.0
2492,11.0
2493,5.0
2494,14.0
2495,4.0
2496,10.0
2497,12.0
2498,8.0
2499,2.0
2500,4.0
2501,9.0
2502,14.0
2503,4.0
2504,9.0
2505,3.0
2506,14.0
2507,2.0
2508,3.0
2509,11.0
2510,8.0
2511,4.0
2512,11.0
2513,11.0
2514,1.0
2515,13.0
2516,4.0
2517,13.0
2518,5.0
2519,2.0
2520,15.0
2521,12.0
2522,4.0
2523,0.0
2524,7.0
2525,6.0
2526,11.0
2527,14.0
2528,3.0
2529,12.0
2530,2.0
2531,15.0
2532,2.0
2533,12.0
2534,6.0
2535,7.0
2536,6.0
2537,5.0
2538,2.0
2539,9.0
2540,4.0
2541,2.0
2542,0.0
2543,1.0
2544,13.0
2545,3.0
2546,14.0
2547,15.0
2548,10.0
2549,10.0
2550,9.0
2551,5.0
2552,2.0
2553,10.0
2554,3.0
2555,15.0
2556,7.0
2557,2.0
2558,10.0
2559,13.0
2560,8.0
2561,2.0
2562,10.0
2563,2.0
2564,14.0
2565,0.0
2566,8.0
2567,6.0
2568,9.0
2569,8.0
2570,9.0
2571,7.0
2572,12.0
2573,7.0
2574,13.0
2575,5.0
2576,10.0
2577,7.0
2578,15.0
2579,3.0
2580,14.0
2581,8.0
2582,0.0
2583,11.0
2584,15.0
2585,9.0
2586,3.0
2587,9.0
2588,1.0
2589,13.0
2590,1.0
2591,11.0
2592,2.0
2593,11.0
2594,15.0
2595,2.0
2596,5.0
2597,3.0
2598,6.0
2599,10.0
2600,5.0
2601,12.0
2602,4.0
2603,12.0
2604,3.0
2605,15.0
2606,12.0
2607,9.0
2608,12.0
2609,9.0
2610,5.0
2611,13.0
2612,5.0
2613,6.0
2614,6.0
2615,11.0
2616,1.0
2617,4.0
2618,4.0
2619,1.0
2620,2.0
2621,2.0
2622,0.0
2623,9.0
2624,0.0
2625,8.0
2626,1.0
2627,6.0
2628,0.0
2629,14.0
2630,10.0
2631,2.0
2632,14.0
2633,3.0
2634,7.0
2635,10.0
2636,12.0
2637,8.0
2638,10.0
2639,11.0
2640,10.0
2641,12.0
2642,4.0
2643,13.0
2644,15.0
2645,10.0
2646,0.0
2647,8.0
2648,7.0
2649,4.0
2650,7.0
2651,6.0
2652,15.0
2653,3.0
2654,10.0
2655,5.0
2656,9.0
2657,10.0
2658,1.0
2659,11.0
2660,11.0
2661,14.0
2662,15.0
2663,5.0
2664,14.0
2665,11.0
2666,15.0
2667,9.0
2668,10.0
2669,10.0
2670,5.0
2671,5.0
2672,1.0
2673,14.0
2674,9.0
2675,10.0
2676,8.0
2677,0.0
2678,9.0
2679,1.0
2680,3.0
2681,5.0
2682,4.0
2683,2.0
2684,14.0
2685,0.0
2686,14.0
2687,3.0
2688,15.0
2689,15.0
2690,4.0
2691,9.0
2692,8.0
2693,6.0
2694,13.0
2695,6.0
2696,4.0
2697,15.0
2698,15.0
2699,13.0
2700,13.0
2701,10.0
2702,10.0
2703,8.0
2704,3.0
2705,4.0
2706,7.0
2707,6.0
2708,1.0
2709,8.0
2710,1.0
2711,2.0
2712,5.0
2713,14.0
2714,10.0
2715,15.0
2716,15.0
2717,5.0
2718,11.0
2719,13.0
2720,13.0
2721,8.0
2722,4.0
2723,11.0
2724,14.0
2725,0.0
2726,4.0
2727,4.0
2728,7.0
2729,0.0
2730,9.0
2731,15.0
2732,0.0
2733,9.0
2734,10.0
2735,2.0
2736,6.0
2737,12.0
2738,0.0
2739,8.0
2740,9.0
2741,9.0
2742,3.0
2743,7.0
2744,4.0
2745,15.0
2746,8.0
2747,3.0
2748,2.0
2749,0.0
2750,0.0
2751,7.0
2752,12.0
2753,15.0
2754,11.0
2755,9.0
2756,1.0
2757,2.0
2758,5.0
2759,1.0
2760,15.0
2761,5.0
2762,13.0
2763,11.0
2764,12.0
2765,10.0
2766,5.0
2767,11.0
2768,7.0
2769,5.0
2770,9.0
2771,6.0
2772,12.0
2773,12.0
2774,2.0
2775,14.0
2776,11.0
2777,1.0
2778,4.0
2779,4.0
2780,3.0
2781,6.0
2782,15.0
2783,5.0
2784,14.0
2785,15.0
2786,1.0
2787,13.0
2788,9.0
2789,14.0
2790,1.0
2791,4.0
2792,1.0
2793,6.0
2794,0.0
2795,15.0
2796,3.0
2797,7.0
2798,0.0
2799,9.0
2800,11.0
2801,0.0
2802,13.0
2803,10.0
2804,1.0
2805,11.0
2806,15.0
2807,6.0
2808,11.0
2809,10.0
2810,1.0
2811,15.0
2812,13.0
2813,5.0
2814,13.0
2815,13.0
2816,11.0
2817,15.0
2818,7.0
2819,0.0
2820,6.0
2821,7.0
2822,4.0
2823,1.0
2824,14.0
2825,3.0
2826,11.0
2827,13.0
2828,1.0
2829,8.0
2830,12.0
2831,10.0
2832,8.0
2833,14.0
2834,1.0
2835,7.0
2836,2.0
2837,2.0
2838,9.0
2839,5.0
2840,11.0
2841,1.0
2842,11.0
2843,11.0
2844,2.0
2845,4.0
2846,8.0
2847,12.0
2848,7.0
2849,11.0
2850,5.0
2851,4.0
2852,9.0
2853,3.0
2854,15.0
2855,12.0
2856,4.0
2857,15.0
2858,9.0
2859,9.0
2860,12.0
2861,4.0
2862,5.0
2863,15.0
2864,2.0
2865,13.0
2866,1.0
2867,15.0
2868,5.0
2869,3.0
2870,1.0
2871,9.0
2872,7.0
2873,10.0
2874,1.0
2875,7.0
2876,10.0
2877,0.0
2878,4.0
2879,0.0
2880,13.0
2881,9.0
2882,14.0
2883,8.0
2884,3.0
2885,0.0
2886,1.0
2887,5.0
2888,0.0
2889,4.0
2890,15.0
2891,13.0
2892,8.0
2893,9.0
2894,3.0
2895,15.0
2896,2.0
2897,6.0
2898,6.0
2899,12.0
2900,6.0
2901,6.0
2902,5.0
2903,5.0
2904,11.0
2905,10.0
2906,15.0
2907,14.0
2908,15.0
2909,6.0
2910,15.0
2911,2.0
2912,7.0
2913,12.0
2914,7.0
2915,13.0
2916,3.0
2917,6.0
2918,13.0
2919,7.0
2920,1.0
2921,4.0
2922,13.0
2923,9.0
2924,6.0
2925,14.0
2926,4.0
2927,8.0
2928,4.0
2929,14.0
2930,2.0
2931,7.0
2932,3.0
2933,3.0
2934,3.0
2935,12.0
2936,2.0
2937,5.0
2938,4.0
2939,11.0
2940,13.0
2941,4.0
2942,14.0
2943,6.0
2944,2.0
2945,0.0
2946,6.0
2947,7.0
2948,10.0
2949,11.0
2950,5.0
2951,5.0
2952,4.0
2953,3.0
2954,2.0
2955,2.0
2956,2.0
2957,2.0
2958,5.0
2959,2.0
2960,0.0
2961,4.0
2962,7.0
2963,10.0
2964,9.0
2965,14.0
2966,12.0
2967,15.0
2968,2.0
2969,15.0
2970,5.0
2971,3.0
2972,10.0
2973,11.0
2974,1.0
2975,1.0
2976,9.0
2977,8.0
2978,15.0
2979,9.0
2980,12.0
2981,6.0
2982,8.0
2983,0.0
2984,11.0
2985,0.0
2986,2.0
2987,10.0
2988,8.0
2989,4.0
2990,2.0
2991,9.0
2992,13.0
2993,8.0
2994,2.0
2995,14.0
2996,13.0
2997,13.0
2998,0.0
2999,7.0
3000,9.0
3001,7.0
3002,13.0
3003,0.0
3004,6.0
3005,10.0
3006,14.0
3007,15.0
3008,10.0
3009,13.0
3010,3.0
3011,2.0
3012,8.0
3013,10.0
3014,14.0
3015,3.0
3016,11.0
3017,8.0
3018,15.0
3019,13.0
3020,11.0
3021,4.0
3022,7.0
3023,7.0
3024,0.0
3025,11.0
3026,10.0
3027,3.0
3028,3.0
3029,9.0
3030,3.0
3031,14.0
3032,6.0
3033,7.0
3034,13.0
3035,5.0
3036,7.0
3037,1.0
3038,11.0
3039,9.0
3040,3.0
3041,15.0
3042,12.0
3043,8.0
3044,11.0
3045,6.0
3046,0.0
3047,12.0
3048,1.0
3049,15.0
3050,10.0
3051,15.0
3052,9.0
3053,3.0
3054,7.0
3055,12.0
3056,12.0
3057,5.0
3058,12.0
3059,5.0
3060,12.0
3061,2.0
3062,4.0
3063,9.0
3064,7.0
3065,7.0
3066,6.0
3067,3.0
3068,0.0
3069,3.0
3070,9.0
3071,0.0
3072,11.0
3073,11.0
3074,15.0
3075,14.0
3076,8.0
3077,10.0
3078,3.0
3079,10.0
3080,8.0
3081,12.0
3082,2.0
3083,8.0
3084,9.0
3085,6.0
3086,7.0
3087,7.0
3088,6.0
3089,11.0
3090,11.0
3091,13.0
3092,10.0
3093,7.0
3094,9.0
3095,13.0
3096,4.0
3097,14.0
3098,9.0
3099,9.0
3100,4.0
3101,12.0
3102,2.0
3103,3.0
3104,14.0
3105,12.0
3106,8.0
3107,10.0
3108,8.0
3109,7.0
3110,0.0
3111,6.0
3112,4.0
3113,4.0
3114,3.0
3115,6.0
3116,0.0
3117,13.0
3118,13.0
3119,7.0
3120,8.0
3121,0.0
3122,6.0
3123,15.0
3124,10.0
3125,0.0
3126,12.0
3127,7.0
3128,5.0
3129,7.0
3130,1.0
3131,1.0
3132,11.0
3133,8.0
3134,7.0
3135,3.0
3136,12.0
3137,8.0
3138,7.0
3139,2.0
3140,10.0
3141,4.0
3142,1.0
3143,7.0
3144,0.0
3145,12.0
3146,5.0
3147,5.0
3148,7.0
3149,8.0
3150,3.0
3151,12.0
3152,5.0
3153,4.0
3154,12.0
3155,14.0
3156,15.0
3157,7.0
3158,1.0
3159,10.0
3160,5.0
3161,7.0
3162,12.0
3163,6.0
3164,1.0
3165,12.0
3166,8.0
3167,0.0
3168,1.0
3169,13.0
3170,6.0
3171,3.0
3172,5.0
3173,13.0
3174,14.0
3175,10.0
3176,13.0
3177,0.0
3178,9.0
3179,8.0
3180,11.0
3181,5.0
3182,2.0
3183,5.0
3184,15.0
3185,15.0
3186,15.0
3187,10.0
3188,1.0
3189,13.0
3190,5.0
3191,0.0
3192,0.0
3193,8.0
3194,15.0
3195,3.0
3196,6.0
3197,3.0
3198,10.0
3199,12.0
3200,15.0
3201,15.0
3202,8.0
3203,0.0
3204,10.0
3205,12.0
3206,8.0
3207,4.0
3208,5.0
3209,10.0
3210,5.0
3211,11.0
3212,7.0
3213,4.0
3214,9.0
3215,13.0
3216,10.0
3217,13.0
3218,9.0
3219,11.0
3220,4.0
3221,5.0
3222,13.0
3223,7.0
3224,9.0
3225,14.0
3226,12.0
3227,9.0
3228,4.0
3229,6.0
3230,11.0
3231,7.0
3232,8.0
3233,12.0
3234,8.0
3235,14.0
3236,6.0
3237,4.0
3238,4.0
3239,1.0
3240,13.0
3241,0.0
3242,13.0
3243,9.0
3244,2.0
3245,5.0
3246,1.0
3247,7.0
3248,6.0
3249,5.0
3250,5.0
3251,11.0
3252,10.0
3253,7.0
3254,4.0
3255,4.0
3256,12.0
3257,11.0
3258,14.0
3259,5.0
3260,12.0
3261,4.0
3262,11.0
3263,7.0
3264,13.0
3265,13.0
3266,14.0
3267,8.0
3268,8.0
3269,0.0
3270,14.0
3271,3.0
3272,11.0
3273,14.0
3274,5.0
3275,3.0
3276,10.0
3277,7.0
3278,0.0
3279,10.0
3280,4.0
3281,9.0
3282,7.0
3283,9.0
3284,8.0
3285,1.0
3286,10.0
3287,0.0
3288,7.0
3289,2.0
3290,15.0
3291,12.0
3292,3.0
3293,4.0
3294,14.0
3295,12.0
3296,1.0
3297,7.0
3298,4.0
3299,5.0
3300,6.0
3301,12.0
3302,14.0
3303,0.0
3304,9.0
3305,6.0
3306,0.0
3307,12.0
3308,1.0
3309,2.0
3310,0.0
3311,5.0
3312,10.0
3313,15.0
3314,11.0
3315,11.0
3316,4.0
3317,2.0
3318,15.0
3319,11.0
3320,13.0
3321,0.0
3322,2.0
3323,4.0
3324,8.0
3325,4.0
3326,5.0
3327,7.0
3328,8.0
3329,0.0
3330,9.0
3331,1.0
3332,1.0
3333,4.0
3334,0.0
3335,3.0
3336,15.0
3337,13.0
3338,1.0
3339,13.0
3340,5.0
3341,7.0
3342,7.0
3343,12.0
3344,3.0
3345,1.0
3346,2.0
3347,3.0
3348,13.0
3349,15.0
3350,12.0
3351,4.0
3352,2.0
3353,1.0
3354,0.0
3355,12.0
3356,5.0
3357,12.0
3358,3.0
3359,14.0
3360,4.0
3361,1.0
3362,4.0
3363,13.0
3364,8.0
3365,9.0
3366,4.0
3367,5.0
3368,5.0
3369,3.0
3370,15.0
3371,9.0
3372,3.0
3373,10.0
3374,2.0
3375,4.0
3376,3.0
3377,12.0
3378,15.0
3379,9.0
3380,8.0
3381,8.0
3382,1.0
3383,0.0
3384,8.0
3385,12.0
3386,15.0
3387,11.0
3388,1.0
3389,8.0
3390,8.0
3391,15.0
3392,4.0
3393,2.0
3394,11.0
3395,2.0
3396,12.0
3397,15.0
3398,6.0
3399,0.0
3400,11.0
3401,11.0
3402,7.0
3403,3.0
3404,3.0
3405,11.0
3406,10.0
3407,4.0
3408,15.0
3409,12.0
3410,11.0
3411,7.0
3412,5.0
3413,12.0
3414,12.0
3415,5.0
3416,10.0
3417,10.0
3418,3.0
3419,12.0
3420,1.0
3421,6.0
3422,6.0
3423,8.0
3424,9.0
3425,13.0
3426,12.0
3427,6.0
3428,15.0
3429,5.0
3430,5.0
3431,12.0
3432,15.0
3433,2.0
3434,3.0
3435,15.0
3436,4.0
3437,8.0
3438,11.0
3439,0.0
3440,3.0
3441,10.0
3442,6.0
3443,1.0
3444,14.0
3445,1.0
3446,12.0
3447,6.0
3448,14.0
3449,5.0
3450,10.0
3451,12.0
3452,11.0
3453,14.0
3454,4.0
3455,15.0
3456,12.0
3457,0.0
3458,11.0
3459,14.0
3460,1.0
3461,3.0
3462,12.0
3463,0.0
3464,13.0
3465,0.0
3466,8.0
3467,14.0
3468,0.0
3469,5.0
3470,13.0
3471,8.0
3472,7.0
3473,14.0
3474,10.0
3475,12.0
3476,9.0
3477,12.0
3478,11.0
3479,6.0
3480,11.0
3481,15.0
3482,0.0
3483,14.0
3484,11.0
3485,6.0
3486,14.0
3487,8.0
3488,15.0
3489,12.0
3490,11.0
3491,13.0
3492,5.0
3493,6.0
3494,6.0
3495,6.0
3496,8.0
3497,3.0
3498,11.0
3499,6.0
3500,3.0
3501,14.0
3502,5.0
3503,4.0
3504,9.0
3505,3.0
3506,2.0
3507,2.0
3508,2.0
3509,1.0
3510,7.0
3511,0.0
3512,8.0
3513,15.0
3514,4.0
3515,15.0
3516,0.0
3517,4.0
3518,10.0
3519,10.0
3520,1.0
3521,13.0
3522,3.0
3523,5.0
3524,9.0
3525,15.0
3526,2.0
3527,2.0
3528,11.0
3529,5.0
3530,12.0
3531,8.0
3532,6.0
3533,1.0
3534,14.0
3535,3.0
3536,7.0
3537,11.0
3538,2.0
3539,2.0
3540,10.0
3541,14.0
3542,14.0
3543,14.0
3544,4.0
3545,1.0
3546,1.0
3547,10.0
3548,12.0
3549,12.0
3550,15.0
3551,2.0
3552,15.0
3553,14.0
3554,14.0
3555,1.0
3556,2.0
3557,5.0
3558,12.0
3559,0.0
3560,8.0
3561,2.0
3562,11.0
3563,2.0
3564,10.0
3565,1.0
3566,0.0
3567,8.0
3568,12.0
3569,10.0
3570,8.0
3571,8.0
3572,2.0
3573,9.0
3574,9.0
3575,13.0
3576,8.0
3577,10.0
3578,2.0
3579,13.0
3580,6.0
3581,0.0
3582,3.0
3583,12.0
3584,12.0
3585,1.0
3586,5.0
3587,8.0
3588,6.0
3589,11.0
3590,15.0
3591,9.0
3592,5.0
3593,4.0
3594,12.0
3595,6.0
3596,5.0
3597,13.0
3598,11.0
3599,4.0
3600,0.0
3601,14.0
3602,11.0
3603,7.0
3604,2.0
3605,2.0
3606,8.0
3607,12.0
3608,14.0
3609,6.0
3610,9.0
3611,5.0
3612,13.0
3613,5.0
3614,10.0
3615,13.0
3616,6.0
3617,3.0
3618,1.0
3619,3.0
3620,4.0
3621,0.0
3622,13.0
3623,6.0
3624,3.0
3625,1.0
3626,6.0
3627,4.0
3628,2.0
3629,12.0
3630,2.0
3631,9.0
3632,0.0
3633,9.0
3634,9.0
3635,4.0
3636,0.0
3637,8.0
3638,6.0
3639,8.0
3640,12.0
3641,11.0
3642,8.0
3643,0.0
3644,12.0
3645,5.0
3646,15.0
3647,14.0
3648,6.0
3649,6.0
3650,0.0
3651,8.0
3652,2.0
3653,12.0
3654,0.0
3655,8.0
3656,15.0
3657,7.0
3658,4.0
3659,6.0
3660,14.0
3661,10.0
3662,7.0
3663,5.0
3664,13.0
3665,11.0
3666,11.0
3667,1.0
3668,5.0
3669,1.0
3670,7.0
3671,4.0
3672,1.0
3673,9.0
3674,0.0
3675,12.0
3676,11.0
3677,10.0
3678,2.0
3679,12.0
3680,12.0
3681,7.0
3682,9.0
3683,13.0
3684,8.0
3685,15.0
3686,15.0
3687,7.0
3688,4.0
3689,12.0
3690,2.0
3691,1.0
3692,8.0
3693,0.0
3694,4.0
3695,0.0
3696,0.0
3697,2.0
3698,5.0
3699,10.0
3700,1.0
3701,1.0
3702,1.0
3703,5.0
3704,5.0
3705,14.0
3706,0.0
3707,0.0
3708,8.0
3709,2.0
3710,7.0
3711,4.0
3712,7.0
3713,5.0
3714,12.0
3715,15.0
3716,13.0
3717,10.0
3718,15.0
3719,0.0
3720,5.0
3721,5.0
3722,6.0
3723,6.0
3724,9.0
3725,8.0
3726,11.0
3727,5.0
3728,4.0
3729,11.0
3730,1.0
3731,2.0
3732,10.0
3733,7.0
3734,1.0
3735,1.0
3736,14.0
3737,2.0
3738,12.0
3739,14.0
3740,1.0
3741,9.0
3742,8.0
3743,12.0
3744,4.0
3745,8.0
3746,5.0
3747,15.0
3748,6.0
3749,5.0
3750,5.0
3751,4.0
3752,4.0
3753,0.0
3754,9.0
3755,11.0
3756,3.0
3757,12.0
3758,5.0
3759,1.0
3760,2.0
3761,12.0
3762,15.0
3763,2.0
3764,7.0
3765,2.0
3766,4.0
3767,2.0
3768,1.0
3769,6.0
3770,6.0
3771,11.0
3772,14.0
3773,1.0
3774,4.0
3775,2.0
3776,7.0
3777,1.0
3778,13.0
3779,0.0
3780,10.0
3781,9.0
3782,15.0
3783,8.0
3784,14.0
3785,4.0
3786,7.0
3787,7.0
3788,9.0
3789,14.0
3790,2.0
3791,6.0
3792,5.0
3793,7.0
3794,15.0
3795,7.0
3796,15.0
3797,12.0
3798,9.0
3799,12.0
3800,7.0
3801,9.0
3802,8.0
3803,15.0
3804,1.0
3805,5.0
3806,6.0
3807,9.0
3808,7.0
3809,2.0
3810,15.0
3811,5.0
3812,1.0
3813,5.0
3814,7.0
3815,14.0
3816,8.0
3817,3.0
3818,10.0
3819,2.0
3820,0.0
3821,1.0
3822,0.0
3823,4.0
3824,12.0
3825,11.0
3826,11.0
3827,15.0
3828,13.0
3829,3.0
3830,3.0
3831,6.0
3832,4.0
3833,11.0
3834,11.0
3835,4.0
3836,7.0
3837,9.0
3838,4.0
3839,9.0
3840,14.0
3841,0.0
3842,7.0
3843,8.0
3844,15.0
3845,11.0
3846,3.0
3847,8.0
3848,3.0
3849,14.0
3850,1.0
3851,4.0
3852,10.0
3853,12.0
3854,14.0
3855,6.0
3856,3.0
3857,2.0
3858,0.0
3859,13.0
3860,14.0
3861,14.0
3862,10.0
3863,1.0
3864,0.0
3865,1.0
3866,12.0
3867,10.0
3868,5.0
3869,3.0
3870,14.0
3871,13.0
3872,6.0
3873,9.0
3874,4.0
3875,6.0
3876,9.0
3877,1.0
3878,2.0
3879,3.0
3880,14.0
3881,14.0
3882,0.0
3883,5.0
3884,9.0
3885,9.0
3886,15.0
3887,2.0
3888,10.0
3889,4.0
3890,5.0
3891,4.0
3892,7.0
3893,0.0
3894,13.0
3895,12.0
3896,14.0
3897,10.0
3898,15.0
3899,0.0
3900,2.0
3901,4.0
3902,2.0
3903,4.0
3904,9.0
3905,3.0
3906,0.0
3907,15.0
3908,9.0
3909,12.0
3910,15.0
3911,11.0
3912,7.0
3913,9.0
3914,3.0
3915,15.0
3916,14.0
3917,11.0
3918,2.0
3919,13.0
3920,2.0
3921,7.0
3922,8.0
3923,8.0
3924,7.0
3925,10.0
3926,2.0
3927,2.0
3928,11.0
3929,12.0
3930,4.0
3931,5.0
3932,15.0
3933,9.0
3934,15.0
3935,9.0
3936,9.0
3937,14.0
3938,4.0
3939,1.0
3940,8.0
3941,5.0
3942,15.0
3943,11.0
3944,4.0
3945,8.0
3946,5.0
3947,15.0
3948,6.0
3949,7.0
3950,2.0
3951,13.0
3952,5.0
3953,2.0
3954,0.0
3955,10.0
3956,14.0
3957,1.0
3958,3.0
3959,10.0
3960,15.0
3961,15.0
3962,11.0
3963,8.0
3964,14.0
3965,14.0
3966,10.0
3967,3.0
3968,9.0
3969,10.0
3970,0.0
3971,5.0
3972,3.0
3973,14.0
3974,13.0
3975,14.0
3976,0.0
3977,15.0
3978,15.0
3979,3.0
3980,8.0
3981,11.0
3982,13.0
3983,3.0
3984,2.0
3985,2.0
3986,3.0
3987,7.0
3988,12.0
3989,6.0
3990,3.0
3991,11.0
3992,2.0
3993,5.0
3994,5.0
3995,7.0
3996,8.0
3997,3.0
3998,12.0
3999,11.0
4000,1.0
4001,1.0
4002,13.0
4003,11.0
4004,0.0
4005,13.0
4006,12.0
4007,14.0
4008,6.0
4009,2.0
4010,10.0
4011,7.0
4012,11.0
4013,8.0
4014,15.0
4015,14.0
4016,7.0
4017,14.0
4018,6.0
4019,10.0
4020,15.0
4021,5.0
4022,12.0
4023,7.0
4024,3.0
4025,9.0
4026,12.0
4027,0.0
4028,9.0
4029,4.0
4030,12.0
4031,3.0
4032,11.0
4033,8.0
4034,1.0
4035,12.0
4036,3.0
4037,5.0
4038,6.0
4039,13.0
4040,0.0
4041,15.0
4042,0.0
4043,3.0
4044,6.0
4045,13.0
4046,1.0
4047,15.0
4048,10.0
4049,3.0
4050,1.0
4051,11.0
4052,12.0
4053,1.0
4054,5.0
4055,4.0
4056,8.0
4057,11.0
4058,6.0
4059,10.0
4060,3.0
4061,14.0
4062,15.0
4063,13.0
4064,12.0
4065,0.0
4066,3.0
4067,3.0
4068,4.0
4069,9.0
4070,10.0
4071,10.0
4072,8.0
4073,8.0
4074,7.0
4075,4.0
4076,13.0
4077,3.0
4078,3.0
4079,4.0
4080,6.0
4081,1.0
4082,1.0
4083,5.0
4084,11.0
4085,12.0
4086,15.0
4087,11.0
4088,4.0
4089,8.0
4090,1.0
4091,10.0
4092,1.0
4093,0.0
4094,13.0
4095,8.0
4096,13.0
4097,13.0
4098,2.0
4099,5.0
4100,15.0
4101,7.0
4102,15.0
4103,11.0
4104,12.0
4105,7.0
4106,9.0
4107,1.0
4108,13.0
4109,0.0
4110,8.0
4111,8.0
4112,2.0
4113,13.0
4114,6.0
4115,4.0
4116,5.0
4117,1.0
4118,8.0
4119,15.0
4120,10.0
4121,6.0
4122,14.0
4123,0.0
4124,15.0
4125,4.0
4126,7.0
4127,2.0
4128,1.0
4129,10.0
4130,11.0
4131,8.0
4132,2.0
4133,7.0
4134,0.0
4135,15.0
4136,0.0
4137,5.0
4138,0.0
4139,10.0
4140,11.0
4141,6.0
4142,15.0
4143,8.0
4144,13.0
4145,15.0
4146,15.0
4147,15.0
4148,8.0
4149,9.0
4150,4.0
4151,14.0
4152,13.0
4153,9.0
4154,12.0
4155,0.0
4156,9.0
4157,8.0
4158,5.0
4159,9.0
4160,7.0
4161,12.0
4162,15.0
4163,9.0
4164,12.0
4165,12.0
4166,9.0
4167,8.0
4168,0.0
4169,1.0
4170,6.0
4171,8.0
4172,5.0
4173,2.0
4174,10.0
4175,0.0
4176,12.0
4177,11.0
4178,10.0
4179,4.0
4180,4.0
4181,9.0
4182,10.0
4183,0.0
4184,9.0
4185,6.0
4186,4.0
4187,9.0
4188,3.0
4189,6.0
4190,9.0
4191,0.0
4192,6.0
4193,7.0
4194,0.0
4195,10.0
4196,6.0
4197,8.0
4198,14.0
4199,4.0
4200,2.0
4201,7.0
4202,3.0
4203,1.0
4204,12.0
4205,11.0
4206,9.0
4207,7.0
4208,3.0
4209,5.0
4210,9.0
4211,7.0
4212,11.0
4213,5.0
4214,9.0
4215,9.0
4216,3.0
4217,9.0
4218,12.0
4219,11.0
4220,6.0
4221,15.0
4222,7.0
4223,7.0
4224,9.0
4225,8.0
4226,4.0
4227,6.0
4228,8.0
4229,8.0
4230,5.0
4231,8.0
4232,10.0
4233,12.0
4234,0.0
4235,11.0
4236,4.0
4237,1.0
4238,3.0
4239,6.0
4240,14.0
4241,0.0
4242,14.0
4243,2.0
4244,5.0
4245,11.0
4246,7.0
4247,14.0
4248,9.0
4249,8.0
4250,0.0
4251,2.0
4252,13.0
4253,15.0
4254,13.0
4255,15.0
4256,11.0
4257,6.0
4258,1.0
4259,7.0
4260,2.0
4261,15.0
4262,5.0
4263,12.0
4264,12.0
4265,2.0
4266,6.0
4267,4.0
4268,3.0
4269,12.0
4270,2.0
4271,2.0
4272,13.0
4273,10.0
4274,15.0
4275,7.0
4276,11.0
4277,1.0
4278,1.0
4279,12.0
4280,8.0
4281,14.0
4282,7.0
4283,13.0
4284,8.0
4285,3.0
4286,14.0
4287,2.0
4288,12.0
4289,3.0
4290,5.0
4291,13.0
4292,13.0
4293,6.0
4294,3.0
4295,6.0
4296,1.0
4297,1.0
4298,14.0
4299,5.0
4300,15.0
4301,11.0
4302,14.0
4303,9.0
4304,9.0
4305,12.0
4306,11.0
4307,14.0
4308,13.0
4309,2.0
4310,9.0
4311,6.0
4312,10.0
4313,0.0
4314,2.0
4315,6.0
4316,0.0
4317,3.0
4318,4.0
4319,0.0
4320,5.0
4321,2.0
4322,9.0
4323,14.0
4324,10.0
4325,14.0
4326,0.0
4327,7.0
4328,7.0
4329,6.0
4330,3.0
4331,7.0
4332,12.0
4333,10.0
4334,12.0
4335,2.0
4336,3.0
4337,4.0
4338,3.0
4339,10.0
4340,6.0
4341,15.0
4342,15.0
4343,2.0
4344,6.0
4345,8.0
4346,0.0
4347,15.0
4348,12.0
4349,3.0
4350,14.0
4351,15.0
4352,12.0
4353,3.0
4354,11.0
4355,9.0
4356,8.0
4357,11.0
4358,2.0
4359,14.0
4360,4.0
4361,12.0
4362,2.0
4363,6.0
4364,3.0
4365,0.0
4366,7.0
4367,10.0
4368,6.0
4369,2.0
4370,3.0
4371,2.0
4372,12.0
4373,7.0
4374,5.0
4375,10.0
4376,4.0
4377,4.0
4378,8.0
4379,5.0
4380,9.0
4381,15.0
4382,1.0
4383,14.0
4384,2.0
4385,9.0
4386,13.0
4387,14.0
4388,6.0
4389,4.0
4390,12.0
4391,13.0
4392,8.0
4393,9.0
4394,8.0
4395,2.0
4396,5.0
4397,12.0
4398,0.0
4399,7.0
4400,2.0
4401,1.0
4402,8.0
4403,15.0
4404,4.0
4405,12.0
4406,2.0
4407,7.0
4408,5.0
4409,4.0
4410,13.0
4411,14.0
4412,3.0
4413,5.0
4414,2.0
4415,15.0
4416,3.0
4417,0.0
4418,10.0
4419,2.0
4420,0.0
4421,3.0
4422,14.0
4423,5.0
4424,11.0
4425,9.0
4426,6.0
4427,9.0
4428,7.0
4429,3.0
4430,1.0
4431,11.0
4432,5.0
4433,3.0
4434,3.0
4435,12.0
4436,10.0
4437,12.0
4438,13.0
4439,0.0
4440,8.0
4441,4.0
4442,3.0
4443,2.0
4444,15.0
4445,15.0
4446,5.0
4447,1.0
4448,13.0
4449,0.0
4450,10.0
4451,4.0
4452,9.0
4453,15.0
4454,11.0
4455,15.0
4456,1.0
4457,3.0
4458,12.0
4459,4.0
4460,7.0
4461,0.0
4462,11.0
4463,7.0
4464,0.0
4465,4.0
4466,13.0
4467,7.0
4468,9.0
4469,5.0
4470,15.0
4471,2.0
4472,15.0
4473,11.0
4474,15.0
4475,13.0
4476,9.0
4477,3.0
4478,0.0
4479,5.0
4480,0.0
4481,8.0
4482,14.0
4483,10.0
4484,5.0
4485,11.0
4486,11.0
4487,3.0
4488,1.0
4489,9.0
4490,3.0
4491,12.0
4492,5.0
4493,8.0
4494,9.0
4495,13.0
4496,15.0
4497,2.0
4498,7.0
4499,2.0
4500,14.0
4501,1.0
4502,6.0
4503,6.0
4504,5.0
4505,14.0
4506,14.0
4507,3.0
4508,15.0
4509,14.0
4510,14.0
4511,11.0
4512,4.0
4513,7.0
4514,1.0
4515,2.0
4516,11.0
4517,7.0
4518,10.0
4519,15.0
4520,14.0
4521,14.0
4522,5.0
4523,6.0
4524,15.0
4525,13.0
4526,9.0
4527,1.0
4528,13.0
4529,12.0
4530,9.0
4531,11.0
4532,14.0
4533,15.0
4534,13.0
4535,8.0
4536,2.0
4537,8.0
4538,7.0
4539,1.0
4540,15.0
4541,7.0
4542,4.0
4543,15.0
4544,0.0
4545,10.0
4546,8.0
4547,3.0
4548,14.0
4549,4.0
4550,14.0
4551,13.0
4552,14.0
4553,5.0
4554,0.0
4555,4.0
4556,1.0
4557,0.0
4558,1.0
4559,1.0
4560,6.0
4561,15.0
4562,0.0
4563,3.0
4564,15.0
4565,3.0
4566,6.0
4567,13.0
4568,4.0
4569,11.0
4570,5.0
4571,6.0
4572,14.0
4573,14.0
4574,7.0
4575,3.0
4576,4.0
4577,8.0
4578,7.0
4579,12.0
4580,12.0
4581,10.0
4582,15.0
4583,5.0
4584,7.0
4585,14.0
4586,5.0
4587,3.0
4588,13.0
4589,5.0
4590,2.0
4591,7.0
4592,11.0
4593,5.0
4594,15.0
4595,1.0
4596,3.0
4597,4.0
4598,3.0
4599,11.0
4600,5.0
4601,13.0
4602,9.0
4603,13.0
4604,10.0
4605,5.0
4606,14.0
4607,6.0
4608,13.0
4609,3.0
4610,7.0
4611,3.0
4612,13.0
4613,3.0
4614,3.0
4615,0.0
4616,3.0
4617,10.0
4618,6.0
4619,14.0
4620,7.0
4621,8.0
4622,13.0
4623,2.0
4624,0.0
4625,12.0
4626,5.0
4627,8.0
4628,15.0
4629,0.0
4630,3.0
4631,14.0
4632,0.0
4633,15.0
4634,5.0
4635,6.0
4636,12.0
4637,4.0
4638,4.0
4639,0.0
4640,3.0
4641,2.0
4642,6.0
4643,8.0
4644,13.0
4645,13.0
4646,11.0
4647,3.0
4648,11.0
4649,6.0
4650,6.0
4651,5.0
4652,11.0
4653,4.0
4654,2.0
4655,5.0
4656,1.0
4657,11.0
4658,12.0
4659,5.0
4660,13.0
4661,2.0
4662,9.0
4663,15.0
4664,14.0
4665,0.0
4666,1.0
4667,1.0
4668,8.0
4669,11.0
4670,3.0
4671,12.0
4672,9.0
4673,5.0
4674,7.0
4675,1.0
4676,12.0
4677,7.0
4678,8.0
4679,11.0
4680,6.0
4681,5.0
4682,4.0
4683,4.0
4684,1.0
4685,7.0
4686,14.0
4687,3.0
4688,7.0
4689,0.0
4690,12.0
4691,13.0
4692,12.0
4693,7.0
4694,10.0
4695,8.0
4696,10.0
4697,7.0
4698,9.0
4699,8.0
4700,10.0
4701,4.0
4702,3.0
4703,11.0
4704,7.0
4705,8.0
4706,9.0
4707,9.0
4708,14.0
4709,12.0
4710,4.0
4711,2.0
4712,0.0
4713,8.0
4714,0.0
4715,5.0
4716,12.0
4717,13.0
4718,2.0
4719,15.0
4720,10.0
4721,8.0
4722,10.0
4723,14.0
4724,11.0
4725,5.0
4726,1.0
4727,2.0
4728,6.0
4729,11.0
4730,3.0
4731,6.0
4732,11.0
4733,13.0
4734,15.0
4735,3.0
4736,12.0
4737,10.0
4738,2.0
4739,14.0
4740,6.0
4741,9.0
4742,14.0
4743,2.0
4744,15.0
4745,15.0
4746,7.0
4747,14.0
4748,12.0
4749,15.0
4750,5.0
4751,3.0
4752,14.0
4753,9.0
4754,15.0
4755,14.0
4756,0.0
4757,5.0
4758,15.0
4759,4.0
4760,11.0
4761,14.0
4762,1.0
4763,9.0
4764,9.0
4765,7.0
4766,5.0
4767,0.0
4768,2.0
4769,7.0
4770,13.0
4771,1.0
4772,11.0
4773,13.0
4774,3.0
4775,13.0
4776,6.0
4777,6.0
4778,13.0
4779,10.0
4780,8.0
4781,10.0
4782,12.0
4783,2.0
4784,0.0
4785,10.0
4786,9.0
4787,10.0
4788,14.0
4789,7.0
4790,7.0
4791,11.0
4792,5.0
4793,3.0
4794,15.0
4795,8.0
4796,0.0
4797,9.0
4798,13.0
4799,2.0
4800,10.0
4801,2.0
4802,7.0
4803,7.0
4804,9.0
4805,3.0
4806,8.0
4807,7.0
4808,4.0
4809,12.0
4810,1.0
4811,10.0
4812,1.0
4813,8.0
4814,10.0
4815,0.0
4816,8.0
4817,14.0
4818,0.0
4819,0.0
4820,7.0
4821,15.0
4822,8.0
4823,7.0
4824,13.0
4825,14.0
4826,12.0
4827,15.0
4828,5.0
4829,15.0
4830,6.0
4831,10.0
4832,1.0
4833,10.0
4834,5.0
4835,12.0
4836,15.0
4837,11.0
4838,5.0
4839,6.0
4840,15.0
4841,6.0
4842,14.0
4843,2.0
4844,14.0
4845,9.0
4846,7.0
4847,4.0
4848,11.0
4849,8.0
4850,11.0
4851,11.0
4852,12.0
4853,11.0
4854,1.0
4855,2.0
4856,1.0
4857,6.0
4858,10.0
4859,11.0
4860,0.0
4861,6.0
4862,7.0
4863,4.0
4864,6.0
4865,0.0
4866,14.0
4867,9.0
4868,15.0
4869,10.0
4870,6.0
4871,10.0
4872,6.0
4873,1.0
4874,14.0
4875,3.0
4876,5.0
4877,4.0
4878,0.0
4879,1.0
4880,8.0
4881,15.0
4882,7.0
4883,3.0
4884,8.0
4885,13.0
4886,10.0
4887,1.0
4888,7.0
4889,11.0
4890,4.0
4891,15.0
4892,13.0
4893,0.0
4894,5.0
4895,8.0
4896,6.0
4897,12.0
4898,15.0
4899,7.0
4900,11.0
4901,5.0
4902,12.0
4903,14.0
4904,7.0
4905,10.0
4906,7.0
4907,9.0
4908,15.0
4909,0.0
4910,1.0
4911,15.0
4912,13.0
4913,1.0
4914,6.0
4915,1.0
4916,8.0
4917,13.0
4918,7.0
4919,8.0
4920,2.0
4921,8.0
4922,10.0
4923,10.0
4924,9.0
4925,10.0
4926,3.0
4927,15.0
4928,5.0
4929,0.0
4930,11.0
4931,2.0
4932,8.0
4933,3.0
4934,14.0
4935,6.0
4936,4.0
4937,13.0
4938,2.0
4939,15.0
4940,1.0
4941,7.0
4942,13.0
4943,14.0
4944,5.0
4945,11.0
4946,3.0
4947,3.0
4948,4.0
4949,2.0
4950,13.0
4951,14.0
4952,13.0
4953,4.0
4954,7.0
4955,4.0
4956,4.0
4957,0.0
4958,14.0
4959,1.0
4960,13.0
4961,10.0
4962,15.0
4963,9.0
4964,2.0
4965,0.0
4966,0.0
4967,8.0
4968,6.0
4969,1.0
4970,11.0
4971,3.0
4972,15.0
4973,14.0
4974,12.0
4975,0.0
4976,15.0
4977,14.0
4978,4.0
4979,5.0
4980,1.0
4981,3.0
4982,6.0
4983,14.0
4984,1.0
4985,11.0
4986,0.0
4987,6.0
4988,15.0
4989,9.0
4990,14.0
4991,11.0
4992,10.0
4993,8.0
4994,15.0
4995,15.0
4996,15.0
4997,5.0
4998,2.0
4999,7.0
5000,0.0
5001,13.0
5002,12.0
5003,4.0
5004,4.0
5005,14.0
5006,14.0
5007,2.0
5008,3.0
5009,13.0
5010,11.0
5011,5.0
5012,13.0
5013,14.0
5014,11.0
5015,15.0
5016,9.0
5017,3.0
5018,14.0
5019,1.0
5020,4.0
5021,6.0
5022,11.0
5023,3.0
5024,12.0
5025,7.0
5026,7.0
5027,13.0
5028,7.0
5029,15.0
5030,11.0
5031,11.0
5032,12.0
5033,4.0
5034,12.0
5035,9.0
5036,1.0
5037,7.0
5038,7.0
5039,3.0
5040,7.0
5041,3.0
5042,2.0
5043,8.0
5044,9.0
5045,5.0
5046,7.0
5047,8.0
5048,15.0
5049,2.0
5050,7.0
5051,4.0
5052,15.0
5053,10.0
5054,12.0
5055,1.0
5056,4.0
5057,15.0
5058,9.0
5059,1.0
5060,0.0
5061,0.0
5062,10.0
5063,14.0
5064,5.0
5065,5.0
5066,6.0
5067,6.0
5068,2.0
5069,9.0
5070,8.0
5071,9.0
5072,7.0
5073,12.0
5074,7.0
5075,10.0
5076,1.0
5077,10.0
5078,7.0
5079,13.0
5080,6.0
5081,6.0
5082,14.0
5083,5.0
5084,3.0
5085,0.0
5086,4.0
5087,9.0
5088,3.0
5089,4.0
5090,2.0
5091,1.0
5092,0.0
5093,0.0
5094,12.0
5095,6.0
5096,5.0
5097,12.0
5098,2.0
5099,11.0
5100,7.0
5101,0.0
5102,14.0
5103,9.0
5104,11.0
5105,2.0
5106,8.0
5107,14.0
5108,13.0
5109,3.0
5110,8.0
5111,9.0
5112,12.0
5113,7.0
5114,3.0
5115,7.0
5116,10.0
5117,11.0
5118,6.0
5119,6.0
5120,14.0
5121,12.0
5122,10.0
5123,0.0
5124,13.0
5125,11.0
5126,8.0
5127,7.0
5128,13.0
5129,13.0
5130,11.0
5131,3.0
5132,13.0
5133,10.0
5134,14.0
5135,1.0
5136,4.0
5137,10.0
5138,12.0
5139,11.0
5140,6.0
5141,0.0
5142,6.0
5143,5.0
5144,11.0
5145,2.0
5146,6.0
5147,2.0
5148,11.0
5149,2.0
5150,13.0
5151,2.0
5152,6.0
5153,1.0
5154,5.0
5155,0.0
5156,11.0
5157,7.0
5158,12.0
5159,13.0
5160,1.0
5161,10.0
5162,11.0
5163,8.0
5164,7.0
5165,11.0
5166,8.0
5167,12.0
5168,14.0
5169,4.0
5170,3.0
5171,6.0
5172,13.0
5173,6.0
5174,3.0
5175,4.0
5176,14.0
5177,15.0
5178,2.0
5179,5.0
5180,3.0
5181,10.0
5182,14.0
5183,15.0
5184,5.0
5185,0.0
5186,0.0
5187,5.0
5188,15.0
5189,13.0
5190,2.0
5191,8.0
5192,4.0
5193,4.0
5194,9.0
5195,11.0
5196,1.0
5197,4.0
5198,15.0
5199,3.0
5200,14.0
5201,11.0
5202,3.0
5203,5.0
5204,5.0
5205,4.0
5206,13.0
5207,2.0
5208,11.0
5209,8.0
5210,6.0
5211,12.0
5212,13.0
5213,2.0
5214,11.0
5215,11.0
5216,4.0
5217,8.0
5218,7.0
5219,3.0
5220,2.0
5221,13.0
5222,4.0
5223,4.0
5224,11.0
5225,13.0
5226,11.0
5227,2.0
5228,1.0
5229,3.0
5230,14.0
5231,14.0
5232,1.0
5233,5.0
5234,4.0
5235,13.0
5236,4.0
5237,4.0
5238,15.0
5239,3.0
5240,11.0
5241,9.0
5242,7.0
5243,9.0
5244,11.0
5245,15.0
5246,10.0
5247,10.0
5248,0.0
5249,12.0
5250,15.0
5251,1.0
5252,2.0
5253,8.0
5254,14.0
5255,14.0
5256,2.0
5257,6.0
5258,10.0
5259,14.0
5260,6.0
5261,15.0
5262,3.0
5263,0.0
5264,14.0
5265,13.0
5266,8.0
5267,3.0
5268,8.0
5269,7.0
5270,11.0
5271,13.0
5272,4.0
5273,14.0
5274,13.0
5275,10.0
5276,10.0
5277,1.0
5278,2.0
5279,7.0
5280,11.0
5281,11.0
5282,15.0
5283,10.0
5284,3.0
5285,0.0
5286,7.0
5287,15.0
5288,11.0
5289,14.0
5290,15.0
5291,9.0
5292,1.0
5293,11.0
5294,5.0
5295,10.0
5296,12.0
5297,10.0
5298,2.0
5299,12.0
5300,9.0
5301,6.0
5302,3.0
5303,7.0
5304,1.0
5305,15.0
5306,6.0
5307,10.0
5308,9.0
5309,15.0
5310,15.0
5311,0.0
5312,4.0
5313,0.0
5314,8.0
5315,13.0
5316,7.0
5317,5.0
5318,4.0
5319,14.0
5320,13.0
5321,12.0
5322,15.0
5323,10.0
5324,0.0
5325,9.0
5326,1.0
5327,9.0
5328,9.0
5329,10.0
5330,8.0
5331,9.0
5332,2.0
5333,1.0
5334,0.0
5335,9.0
5336,6.0
5337,1.0
5338,12.0
5339,3.0
5340,14.0
5341,11.0
5342,9.0
5343,10.0
5344,4.0
5345,0.0
5346,3.0
5347,13.0
5348,0.0
5349,10.0
5350,14.0
5351,15.0
5352,5.0
5353,14.0
5354,5.0
5355,1.0
5356,15.0
5357,2.0
5358,1.0
5359,7.0
5360,9.0
5361,8.0
5362,5.0
5363,5.0
5364,9.0
5365,11.0
5366,14.0
5367,3.0
5368,8.0
5369,7.0
5370,12.0
5371,4.0
5372,14.0
5373,2.0
5374,3.0
5375,0.0
5376,7.0
5377,15.0
5378,10.0
5379,5.0
5380,12.0
5381,10.0
5382,4.0
5383,10.0
5384,1.0
5385,3.0
5386,1.0
5387,1.0
5388,1.0
5389,9.0
5390,12.0
5391,5.0
5392,1.0
5393,2.0
5394,4.0
5395,1.0
5396,1.0
5397,10.0
5398,15.0
5399,7.0
5400,12.0
5401,14.0
5402,9.0
5403,13.0
5404,14.0
5405,11.0
5406,14.0
5407,10.0
5408,4.0
5409,0.0
5410,8.0
5411,1.0
5412,3.0
5413,6.0
5414,10.0
5415,4.0
5416,10.0
5417,13.0
5418,13.0
5419,1.0
5420,11.0
5421,4.0
5422,9.0
5423,6.0
5424,7.0
5425,2.0
5426,9.0
5427,2.0
5428,13.0
5429,1.0
5430,10.0
5431,15.0
5432,3.0
5433,2.0
5434,11.0
5435,8.0
5436,12.0
5437,11.0
5438,3.0
5439,8.0
5440,14.0
5441,9.0
5442,4.0
5443,9.0
5444,12.0
5445,7.0
5446,12.0
5447,15.0
5448,0.0
5449,10.0
5450,1.0
5451,9.0
5452,0.0
5453,12.0
5454,12.0
5455,5.0
5456,9.0
5457,13.0
5458,11.0
5459,6.0
5460,11.0
5461,6.0
5462,14.0
5463,10.0
5464,10.0
5465,2.0
5466,5.0
5467,2.0
5468,2.0
5469,1.0
5470,4.0
5471,8.0
5472,4.0
5473,8.0
5474,10.0
5475,2.0
5476,0.0
5477,5.0
5478,3.0
5479,6.0
5480,2.0
5481,15.0
5482,13.0
5483,5.0
5484,9.0
5485,8.0
5486,8.0
5487,10.0
5488,14.0
5489,6.0
5490,4.0
5491,12.0
5492,5.0
5493,3.0
5494,4.0
5495,12.0
5496,5.0
5497,2.0
5498,12.0
5499,13.0
5500,13.0
5501,6.0
5502,1.0
5503,15.0
5504,1.0
5505,2.0
5506,1.0
5507,7.0
5508,3.0
5509,12.0
5510,13.0
5511,11.0
5512,11.0
5513,9.0
5514,3.0
5515,4.0
5516,5.0
5517,8.0
5518,13.0
5519,8.0
5520,13.0
5521,0.0
5522,5.0
5523,13.0
5524,7.0
5525,11.0
5526,11.0
5527,0.0
5528,7.0
5529,13.0
5530,10.0
5531,5.0
5532,0.0
5533,9.0
5534,9.0
5535,14.0
5536,4.0
5537,7.0
5538,7.0
5539,13.0
5540,3.0
5541,8.0
5542,3.0
5543,12.0
5544,3.0
5545,15.0
5546,14.0
5547,8.0
5548,1.0
5549,15.0
5550,15.0
5551,4.0
5552,4.0
5553,5.0
5554,7.0
5555,1.0
5556,4.0
5557,14.0
5558,13.0
5559,10.0
5560,8.0
5561,6.0
5562,15.0
5563,0.0
5564,12.0
5565,11.0
5566,13.0
5567,1.0
5568,12.0
5569,5.0
5570,14.0
5571,2.0
5572,0.0
5573,14.0
5574,14.0
5575,6.0
5576,6.0
5577,0.0
5578,3.0
5579,7.0
5580,1.0
5581,2.0
5582,3.0
5583,3.0
5584,7.0
5585,8.0
5586,10.0
5587,10.0
5588,5.0
5589,5.0
5590,11.0
5591,2.0
5592,8.0
5593,6.0
5594,0.0
5595,2.0
5596,13.0
5597,13.0
5598,3.0
5599,3.0
5600,10.0
5601,4.0
5602,11.0
5603,10.0
5604,8.0
5605,3.0
5606,4.0
5607,11.0
5608,12.0
5609,0.0
5610,3.0
5611,13.0
5612,0.0
5613,6.0
5614,9.0
5615,15.0
5616,14.0
5617,3.0
5618,1.0
5619,10.0
5620,8.0
5621,9.0
5622,0.0
5623,6.0
5624,6.0
5625,2.0
5626,15.0
5627,0.0
5628,0.0
5629,1.0
5630,11.0
5631,10.0
5632,1.0
5633,0.0
5634,5.0
5635,1.0
5636,10.0
5637,9.0
5638,10.0
5639,1.0
5640,7.0
5641,10.0
5642,8.0
5643,9.0
5644,2.0
5645,11.0
5646,0.0
5647,10.0
5648,1.0
5649,11.0
5650,12.0
5651,11.0
5652,12.0
5653,7.0
5654,11.0
5655,7.0
5656,15.0
5657,2.0
5658,0.0
5659,8.0
5660,4.0
5661,6.0
5662,13.0
5663,11.0
5664,5.0
5665,10.0
5666,15.0
5667,12.0
5668,7.0
5669,15.0
5670,8.0
5671,12.0
5672,11.0
5673,6.0
5674,8.0
5675,15.0
5676,14.0
5677,2.0
5678,2.0
5679,0.0
5680,3.0
5681,9.0
5682,5.0
5683,9.0
5684,11.0
5685,3.0
5686,10.0
5687,15.0
5688,15.0
5689,1.0
5690,1.0
5691,11.0
5692,10.0
5693,5.0
5694,1.0
5695,10.0
5696,1.0
5697,4.0
5698,3.0
5699,8.0
5700,15.0
5701,4.0
5702,5.0
5703,4.0
5704,8.0
5705,4.0
5706,4.0
5707,14.0
5708,11.0
5709,0.0
5710,13.0
5711,1.0
5712,8.0
5713,9.0
5714,11.0
5715,8.0
5716,0.0
5717,15.0
5718,13.0
5719,10.0
5720,7.0
5721,13.0
5722,9.0
5723,12.0
5724,4.0
5725,12.0
5726,3.0
5727,10.0
5728,11.0
5729,11.0
5730,1.0
5731,1.0
5732,12.0
5733,2.0
5734,10.0
5735,14.0
5736,8.0
5737,12.0
5738,0.0
5739,13.0
5740,4.0
5741,1.0
5742,10.0
5743,3.0
5744,5.0
5745,4.0
5746,2.0
5747,3.0
5748,7.0
5749,13.0
5750,3.0
5751,1.0
5752,3.0
5753,14.0
5754,15.0
5755,3.0
5756,0.0
5757,2.0
5758,7.0
5759,12.0
5760,5.0
5761,13.0
5762,15.0
5763,5.0
5764,14.0
5765,13.0
5766,10.0
5767,15.0
5768,10.0
5769,7.0
5770,4.0
5771,12.0
5772,0.0
5773,11.0
5774,13.0
5775,0.0
5776,0.0
5777,12.0
5778,8.0
5779,14.0
5780,14.0
5781,13.0
5782,4.0
5783,11.0
5784,3.0
5785,14.0
5786,14.0
5787,10.0
5788,14.0
5789,8.0
5790,12.0
5791,12.0
5792,1.0
5793,5.0
5794,9.0
5795,7.0
5796,5.0
5797,11.0
5798,15.0
5799,7.0
5800,3.0
5801,11.0
5802,7.0
5803,14.0
5804,10.0
5805,3.0
5806,14.0
5807,9.0
5808,10.0
5809,5.0
5810,3.0
5811,7.0
5812,14.0
5813,5.0
5814,7.0
5815,8.0
5816,5.0
5817,2.0
5818,6.0
5819,14.0
5820,4.0
5821,9.0
5822,5.0
5823,5.0
5824,13.0
5825,5.0
5826,13.0
5827,4.0
5828,9.0
5829,10.0
5830,7.0
5831,3.0
5832,5.0
5833,10.0
5834,14.0
5835,0.0
5836,4.0
5837,14.0
5838,15.0
5839,10.0
5840,9.0
5841,0.0
5842,2.0
5843,4.0
5844,9.0
5845,11.0
5846,15.0
5847,4.0
5848,11.0
5849,1.0
5850,15.0
5851,10.0
5852,0.0
5853,4.0
5854,3.0
5855,12.0
5856,13.0
5857,5.0
5858,15.0
5859,7.0
5860,13.0
5861,5.0
5862,10.0
5863,2.0
5864,2.0
5865,8.0
5866,13.0
5867,4.0
5868,14.0
5869,2.0
5870,3.0
5871,1.0
5872,6.0
5873,7.0
5874,5.0
5875,11.0
5876,6.0
5877,6.0
5878,14.0
5879,4.0
5880,2.0
5881,7.0
5882,5.0
5883,4.0
5884,3.0
5885,10.0
5886,7.0
5887,5.0
5888,14.0
5889,10.0
5890,8.0
5891,0.0
5892,3.0
5893,1.0
5894,3.0
5895,1.0
5896,5.0
5897,14.0
5898,14.0
5899,11.0
5900,3.0
5901,14.0
5902,4.0
5903,3.0
5904,0.0
5905,7.0
5906,14.0
5907,12.0
5908,0.0
5909,2.0
5910,0.0
5911,9.0
5912,5.0
5913,3.0
5914,10.0
5915,0.0
5916,11.0
5917,15.0
5918,8.0
5919,13.0
5920,1.0
5921,0.0
5922,3.0
5923,0.0
5924,14.0
5925,0.0
5926,7.0
5927,8.0
5928,14.0
5929,7.0
5930,13.0
5931,15.0
5932,9.0
5933,3.0
5934,5.0
5935,6.0
5936,6.0
5937,8.0
5938,5.0
5939,0.0
5940,9.0
5941,3.0
5942,12.0
5943,2.0
5944,12.0
5945,1.0
5946,1.0
5947,14.0
5948,13.0
5949,2.0
5950,12.0
5951,1.0
5952,4.0
5953,8.0
5954,2.0
5955,8.0
5956,12.0
5957,9.0
5958,9.0
5959,11.0
5960,8.0
5961,1.0
5962,11.0
5963,12.0
5964,14.0
5965,14.0
5966,12.0
5967,2.0
5968,14.0
5969,4.0
5970,7.0
5971,14.0
5972,15.0
5973,3.0
5974,15.0
5975,14.0
5976,8.0
5977,9.0
5978,6.0
5979,10.0
5980,4.0
5981,4.0
5982,12.0
5983,6.0
5984,1.0
5985,13.0
5986,4.0
5987,5.0
5988,12.0
5989,4.0
5990,1.0
5991,0.0
5992,12.0
5993,9.0
5994,6.0
5995,8.0
5996,9.0
5997,3.0
5998,8.0
5999,3.0
6000,14.0
6001,15.0
6002,6.0
6003,11.0
6004,3.0
6005,1.0
6006,10.0
6007,13.0
6008,4.0
6009,0.0
6010,9.0
6011,1.0
6012,9.0
6013,12.0
6014,11.0
6015,11.0
6016,3.0
6017,2.0
6018,4.0
6019,9.0
6020,11.0
6021,3.0
6022,7.0
6023,14.0
6024,0.0
6025,11.0
6026,15.0
6027,2.0
6028,9.0
6029,15.0
6030,11.0
6031,12.0
6032,7.0
6033,2.0
6034,1.0
6035,11.0
6036,8.0
6037,11.0
6038,0.0
6039,7.0
6040,14.0
6041,15.0
6042,8.0
6043,15.0
6044,14.0
6045,6.0
6046,0.0
6047,10.0
6048,3.0
6049,13.0
6050,4.0
6051,5.0
6052,6.0
6053,2.0
6054,2.0
6055,1.0
6056,1.0
6057,8.0
6058,11.0
6059,8.0
6060,0.0
6061,14.0
6062,12.0
6063,8.0
6064,13.0
6065,9.0
6066,6.0
6067,7.0
6068,6.0
6069,8.0
6070,10.0
6071,3.0
6072,4.0
6073,13.0
6074,9.0
6075,2.0
6076,4.0
6077,2.0
6078,0.0
6079,12.0
6080,14.0
6081,3.0
6082,2.0
6083,6.0
6084,2.0
6085,2.0
6086,12.0
6087,15.0
6088,14.0
6089,0.0
6090,5.0
6091,9.0
6092,8.0
6093,5.0
6094,13.0
6095,15.0
6096,13.0
6097,8.0
6098,5.0
6099,7.0
6100,10.0
6101,13.0
6102,11.0
6103,10.0
6104,0.0
6105,14.0
6106,10.0
6107,13.0
6108,0.0
6109,9.0
6110,10.0
6111,4.0
6112,11.0
6113,14.0
6114,15.0
6115,6.0
6116,2.0
6117,4.0
6118,10.0
6119,3.0
6120,11.0
6121,14.0
6122,5.0
6123,7.0
6124,1.0
6125,14.0
6126,12.0
6127,10.0
6128,11.0
6129,6.0
6130,13.0
6131,13.0
6132,11.0
6133,10.0
6134,6.0
6135,0.0
6136,9.0
6137,15.0
6138,3.0
6139,15.0
6140,13.0
6141,11.0
6142,9.0
6143,12.0
6144,9.0
6145,5.0
6146,6.0
6147,13.0
6148,9.0
6149,4.0
6150,11.0
6151,13.0
6152,7.0
6153,15.0
6154,1.0
6155,12.0
6156,10.0
6157,8.0
6158,15.0
6159,11.0
6160,9.0
6161,0.0
6162,1.0
6163,5.0
6164,11.0
6165,14.0
6166,14.0
6167,0.0
6168,8.0
6169,11.0
6170,9.0
6171,1.0
6172,6.0
6173,10.0
6174,5.0
6175,2.0
6176,10.0
6177,15.0
6178,8.0
6179,4.0
6180,5.0
6181,6.0
6182,14.0
6183,9.0
6184,13.0
6185,10.0
6186,0.0
6187,13.0
6188,12.0
6189,2.0
6190,3.0
6191,13.0
6192,12.0
6193,2.0
6194,12.0
6195,4.0
6196,1.0
6197,6.0
6198,3.0
6199,7.0
6200,11.0
6201,13.0
6202,9.0
6203,5.0
6204,1.0
6205,13.0
6206,8.0
6207,15.0
6208,2.0
6209,6.0
6210,8.0
6211,6.0
6212,15.0
6213,15.0
6214,12.0
6215,6.0
6216,5.0
6217,3.0
6218,6.0
6219,2.0
6220,7.0
6221,3.0
6222,6.0
6223,8.0
6224,13.0
6225,5.0
6226,3.0
6227,0.0
6228,9.0
6229,9.0
6230,8.0
6231,3.0
6232,4.0
6233,7.0
6234,4.0
6235,13.0
6236,3.0
6237,2.0
6238,12.0
6239,8.0
6240,6.0
6241,2.0
6242,9.0
6243,0.0
6244,5.0
6245,15.0
6246,8.0
6247,14.0
6248,13.0
6249,14.0
6250,15.0
6251,8.0
6252,12.0
6253,0.0
6254,4.0
6255,8.0
6256,6.0
6257,3.0
6258,10.0
6259,7.0
6260,14.0
6261,3.0
6262,8.0
6263,5.0
6264,4.0
6265,2.0
6266,4.0
6267,0.0
6268,8.0
6269,8.0
6270,7.0
6271,5.0
6272,14.0
6273,12.0
6274,12.0
6275,9.0
6276,13.0
6277,8.0
6278,11.0
6279,12.0
6280,3.0
6281,6.0
6282,1.0
6283,10.0
6284,11.0
6285,3.0
6286,13.0
6287,14.0
6288,14.0
6289,13.0
6290,7.0
6291,0.0
6292,12.0
6293,11.0
6294,5.0
6295,3.0
6296,8.0
6297,12.0
6298,3.0
6299,5.0
6300,7.0
6301,6.0
6302,10.0
6303,4.0
6304,13.0
6305,0.0
6306,5.0
6307,0.0
6308,14.0
6309,2.0
6310,13.0
6311,3.0
6312,8.0
6313,2.0
6314,7.0
6315,12.0
6316,6.0
6317,1.0
6318,8.0
6319,8.0
6320,10.0
6321,6.0
6322,5.0
6323,7.0
6324,10.0
6325,6.0
6326,2.0
6327,1.0
6328,2.0
6329,8.0
6330,11.0
6331,9.0
6332,12.0
6333,8.0
6334,9.0
6335,7.0
6336,1.0
6337,10.0
6338,2.0
6339,13.0
6340,12.0
6341,2.0
6342,11.0
6343,10.0
6344,0.0
6345,0.0
6346,1.0
6347,6.0
6348,14.0
6349,13.0
6350,7.0
6351,10.0
6352,9.0
6353,6.0
6354,10.0
6355,11.0
6356,9.0
6357,5.0
6358,7.0
6359,1.0
6360,6.0
6361,14.0
6362,10.0
6363,8.0
6364,0.0
6365,10.0
6366,12.0
6367,15.0
6368,7.0
6369,6.0
6370,2.0
6371,5.0
6372,7.0
6373,7.0
6374,3.0
6375,14.0
6376,10.0
6377,4.0
6378,8.0
6379,0.0
6380,9.0
6381,2.0
6382,14.0
6383,15.0
6384,6.0
6385,3.0
6386,5.0
6387,10.0
6388,11.0
6389,1.0
6390,4.0
6391,1.0
6392,10.0
6393,5.0
6394,10.0
6395,15.0
6396,11.0
6397,6.0
6398,11.0
6399,3.0
6400,9.0
6401,10.0
6402,8.0
6403,1.0
6404,1.0
6405,14.0
6406,11.0
6407,10.0
6408,8.0
6409,12.0
6410,14.0
6411,12.0
6412,7.0
6413,9.0
6414,1.0
6415,1.0
6416,5.0
6417,5.0
6418,15.0
6419,7.0
6420,11.0
6421,7.0
6422,12.0
6423,15.0
6424,1.0
6425,11.0
6426,10.0
6427,12.0
6428,6.0
6429,3.0
6430,9.0
6431,13.0
6432,9.0
6433,13.0
6434,1.0
6435,15.0
6436,8.0
6437,7.0
6438,0.0
6439,5.0
6440,14.0
6441,10.0
6442,15.0
6443,14.0
6444,13.0
6445,6.0
6446,13.0
6447,9.0
6448,9.0
6449,0.0
6450,1.0
6451,13.0
6452,0.0
6453,13.0
6454,10.0
6455,11.0
6456,4.0
6457,1.0
6458,7.0
6459,3.0
6460,12.0
6461,9.0
6462,15.0
6463,0.0
6464,1.0
6465,4.0
6466,0.0
6467,7.0
6468,14.0
6469,3.0
6470,12.0
6471,1.0
6472,6.0
6473,7.0
6474,0.0
6475,4.0
6476,6.0
6477,9.0
6478,3.0
6479,1.0
6480,15.0
6481,4.0
6482,1.0
6483,11.0
6484,7.0
6485,9.0
6486,5.0
6487,14.0
6488,0.0
6489,5.0
6490,10.0
6491,13.0
6492,3.0
6493,2.0
6494,1.0
6495,15.0
6496,8.0
6497,6.0
6498,6.0
6499,13.0
6500,14.0
6501,10.0
6502,8.0
6503,15.0
6504,11.0
6505,8.0
6506,11.0
6507,12.0
6508,11.0
6509,4.0
6510,8.0
6511,0.0
6512,4.0
6513,14.0
6514,4.0
6515,9.0
6516,14.0
6517,8.0
6518,10.0
6519,14.0
6520,8.0
6521,2.0
6522,4.0
6523,11.0
6524,10.0
6525,1.0
6526,8.0
6527,5.0
6528,5.0
6529,2.0
6530,0.0
6531,14.0
6532,4.0
6533,6.0
6534,3.0
6535,13.0
6536,0.0
6537,10.0
6538,7.0
6539,4.0
6540,10.0
6541,11.0
6542,7.0
6543,4.0
6544,14.0
6545,12.0
6546,14.0
6547,13.0
6548,12.0
6549,8.0
6550,8.0
6551,2.0
6552,10.0
6553,10.0
6554,14.0
6555,6.0
6556,11.0
6557,1.0
6558,7.0
6559,14.0
6560,3.0
6561,7.0
6562,0.0
6563,9.0
6564,8.0
6565,2.0
6566,13.0
6567,3.0
6568,6.0
6569,6.0
6570,0.0
6571,3.0
6572,12.0
6573,2.0
6574,15.0
6575,3.0
6576,1.0
6577,9.0
6578,14.0
6579,13.0
6580,8.0
6581,15.0
6582,2.0
6583,1.0
6584,11.0
6585,7.0
6586,6.0
6587,8.0
6588,12.0
6589,2.0
6590,4.0
6591,7.0
6592,12.0
6593,7.0
6594,8.0
6595,1.0
6596,14.0
6597,1.0
6598,8.0
6599,14.0
6600,4.0
6601,6.0
6602,13.0
6603,11.0
6604,10.0
6605,12.0
6606,3.0
6607,3.0
6608,8.0
6609,10.0
6610,10.0
6611,7.0
6612,3.0
6613,2.0
6614,12.0
6615,12.0
6616,15.0
6617,12.0
6618,6.0
6619,8.0
6620,8.0
6621,9.0
6622,9.0
6623,15.0
6624,6.0
6625,10.0
6626,7.0
6627,5.0
6628,11.0
6629,12.0
6630,13.0
6631,8.0
6632,5.0
6633,5.0
6634,11.0
6635,9.0
6636,12.0
6637,0.0
6638,9.0
6639,4.0
6640,6.0
6641,6.0
6642,4.0
6643,6.0
6644,6.0
6645,1.0
6646,0.0
6647,1.0
6648,3.0
6649,10.0
6650,15.0
6651,13.0
6652,9.0
6653,7.0
6654,7.0
6655,0.0
6656,1.0
6657,0.0
6658,10.0
6659,4.0
6660,14.0
6661,7.0
6662,15.0
6663,2.0
6664,1.0
6665,0.0
6666,9.0
6667,1.0
6668,6.0
6669,11.0
6670,6.0
6671,3.0
6672,4.0
6673,15.0
6674,2.0
6675,2.0
6676,8.0
6677,8.0
6678,1.0
6679,0.0
6680,1.0
6681,6.0
6682,0.0
6683,5.0
6684,12.0
6685,8.0
6686,0.0
6687,7.0
6688,13.0
6689,12.0
6690,10.0
6691,15.0
6692,15.0
6693,10.0
6694,10.0
6695,4.0
6696,10.0
6697,0.0
6698,0.0
6699,15.0
6700,10.0
6701,11.0
6702,7.0
6703,14.0
6704,13.0
6705,8.0
6706,11.0
6707,2.0
6708,4.0
6709,0.0
6710,7.0
6711,6.0
6712,2.0
6713,7.0
6714,8.0
6715,4.0
6716,6.0
6717,4.0
6718,13.0
6719,8.0
6720,11.0
6721,11.0
6722,4.0
6723,1.0
6724,15.0
6725,8.0
6726,10.0
6727,6.0
6728,2.0
6729,1.0
6730,14.0
6731,0.0
6732,3.0
6733,2.0
6734,1.0
6735,14.0
6736,10.0
6737,13.0
6738,3.0
6739,12.0
6740,8.0
6741,11.0
6742,8.0
6743,8.0
6744,11.0
6745,15.0
6746,3.0
6747,4.0
6748,7.0
6749,4.0
6750,9.0
6751,0.0
6752,7.0
6753,12.0
6754,9.0
6755,1.0
6756,5.0
6757,5.0
6758,8.0
6759,7.0
6760,8.0
6761,4.0
6762,3.0
6763,4.0
6764,15.0
6765,5.0
6766,11.0
6767,9.0
6768,3.0
6769,15.0
6770,3.0
6771,0.0
6772,13.0
6773,5.0
6774,12.0
6775,7.0
6776,10.0
6777,13.0
6778,9.0
6779,10.0
6780,12.0
6781,10.0
6782,14.0
6783,11.0
6784,11.0
6785,10.0
6786,10.0
6787,4.0
6788,5.0
6789,2.0
6790,4.0
6791,15.0
6792,1.0
6793,14.0
6794,5.0
6795,14.0
6796,14.0
6797,15.0
6798,1.0
6799,8.0
6800,3.0
6801,6.0
6802,12.0
6803,2.0
6804,5.0
6805,11.0
6806,3.0
6807,3.0
6808,5.0
6809,13.0
6810,1.0
6811,15.0
6812,14.0
6813,12.0
6814,9.0
6815,11.0
6816,13.0
6817,13.0
6818,2.0
6819,1.0
6820,2.0
6821,0.0
6822,6.0
6823,10.0
6824,9.0
6825,8.0
6826,12.0
6827,5.0
6828,8.0
6829,12.0
6830,15.0
6831,7.0
6832,11.0
6833,6.0
6834,9.0
6835,1.0
6836,11.0
6837,14.0
6838,10.0
6839,13.0
6840,8.0
6841,13.0
6842,0.0
6843,0.0
6844,8.0
6845,11.0
6846,11.0
6847,15.0
6848,1.0
6849,10.0
6850,9.0
6851,12.0
6852,7.0
6853,14.0
6854,5.0
6855,7.0
6856,1.0
6857,6.0
6858,9.0
6859,2.0
6860,15.0
6861,1.0
6862,13.0
6863,13.0
6864,14.0
6865,1.0
6866,11.0
6867,9.0
6868,14.0
6869,14.0
6870,7.0
6871,8.0
6872,9.0
6873,1.0
6874,5.0
6875,5.0
6876,4.0
6877,13.0
6878,3.0
6879,14.0
6880,0.0
6881,6.0
6882,7.0
6883,15.0
6884,15.0
6885,6.0
6886,13.0
6887,6.0
6888,13.0
6889,5.0
6890,6.0
6891,10.0
6892,9.0
6893,0.0
6894,10.0
6895,0.0
6896,10.0
6897,10.0
6898,0.0
6899,7.0
6900,3.0
6901,4.0
6902,4.0
6903,5.0
6904,7.0
6905,10.0
6906,5.0
6907,9.0
6908,7.0
6909,12.0
6910,10.0
6911,10.0
6912,3.0
6913,12.0
6914,14.0
6915,14.0
6916,2.0
6917,14.0
6918,15.0
6919,14.0
6920,5.0
6921,9.0
6922,12.0
6923,15.0
6924,11.0
6925,3.0
6926,10.0
6927,12.0
6928,7.0
6929,5.0
6930,14.0
6931,10.0
6932,7.0
6933,4.0
6934,11.0
6935,4.0
6936,4.0
6937,3.0
6938,6.0
6939,6.0
6940,12.0
6941,15.0
6942,15.0
6943,7.0
6944,1.0
6945,6.0
6946,4.0
6947,14.0
6948,15.0
6949,8.0
6950,2.0
6951,0.0
6952,14.0
6953,0.0
6954,6.0
6955,6.0
6956,14.0
6957,2.0
6958,15.0
6959,14.0
6960,9.0
6961,8.0
6962,8.0
6963,7.0
6964,4.0
6965,11.0
6966,7.0
6967,12.0
6968,10.0
6969,15.0
6970,6.0
6971,12.0
6972,2.0
6973,9.0
6974,11.0
6975,5.0
6976,14.0
6977,6.0
6978,7.0
6979,1.0
6980,15.0
6981,0.0
6982,8.0
6983,3.0
6984,2.0
6985,15.0
6986,0.0
6987,3.0
6988,14.0
6989,10.0
6990,3.0
6991,12.0
6992,9.0
6993,1.0
6994,13.0
6995,12.0
6996,10.0
6997,4.0
6998,7.0
6999,12.0
7000,14.0
7001,2.0
7002,11.0
7003,9.0
7004,8.0
7005,10.0
7006,15.0
7007,2.0
7008,15.0
7009,12.0
7010,3.0
7011,6.0
7012,7.0
7013,13.0
7014,14.0
7015,1.0
7016,12.0
7017,2.0
7018,15.0
7019,11.0
7020,1.0
7021,12.0
7022,4.0
7023,5.0
7024,15.0
7025,9.0
7026,7.0
7027,14.0
7028,7.0
7029,13.0
7030,1.0
7031,12.0
7032,5.0
7033,10.0
7034,12.0
7035,0.0
7036,4.0
7037,12.0
7038,12.0
7039,0.0
7040,14.0
7041,6.0
7042,6.0
7043,12.0
7044,10.0
7045,8.0
7046,11.0
7047,6.0
7048,12.0
7049,7.0
7050,3.0
7051,10.0
7052,10.0
7053,13.0
7054,0.0
7055,15.0
7056,9.0
7057,0.0
7058,7.0
7059,1.0
7060,4.0
7061,8.0
7062,8.0
7063,1.0
7064,8.0
7065,1.0
7066,10.0
7067,14.0
7068,0.0
7069,1.0
7070,7.0
7071,1.0
7072,7.0
7073,9.0
7074,13.0
7075,7.0
7076,5.0
7077,4.0
7078,6.0
7079,9.0
7080,9.0
7081,1.0
7082,14.0
7083,3.0
7084,12.0
7085,15.0
7086,14.0
7087,10.0
7088,13.0
7089,0.0
7090,6.0
7091,5.0
7092,1.0
7093,11.0
7094,11.0
7095,12.0
7096,8.0
7097,8.0
7098,8.0
7099,7.0
7100,12.0
7101,0.0
7102,13.0
7103,12.0
7104,2.0
7105,0.0
7106,9.0
7107,9.0
7108,13.0
7109,9.0
7110,9.0
7111,1.0
7112,8.0
7113,1.0
7114,9.0
7115,6.0
7116,15.0
7117,10.0
7118,9.0
7119,15.0
7120,15.0
7121,6.0
7122,7.0
7123,12.0
7124,3.0
7125,15.0
7126,4.0
7127,5.0
7128,2.0
7129,7.0
7130,3.0
7131,8.0
7132,9.0
7133,1.0
7134,3.0
7135,1.0
7136,3.0
7137,7.0
7138,14.0
7139,9.0
7140,8.0
7141,6.0
7142,14.0
7143,15.0
7144,3.0
7145,6.0
7146,8.0
7147,2.0
7148,6.0
7149,7.0
7150,5.0
7151,7.0
7152,10.0
7153,0.0
7154,10.0
7155,5.0
7156,14.0
7157,5.0
7158,2.0
7159,2.0
7160,8.0
7161,8.0
7162,10.0
7163,10.0
7164,8.0
7165,3.0
7166,1.0
7167,5.0
7168,4.0
7169,12.0
7170,0.0
7171,4.0
7172,1.0
7173,15.0
7174,10.0
7175,3.0
7176,15.0
7177,6.0
7178,14.0
7179,3.0
7180,13.0
7181,5.0
7182,3.0
7183,8.0
7184,6.0
7185,4.0
7186,10.0
7187,12.0
7188,0.0
7189,2.0
7190,3.0
7191,14.0
7192,13.0
7193,7.0
7194,11.0
7195,3.0
7196,15.0
7197,5.0
7198,1.0
7199,6.0
7200,1.0
7201,1.0
7202,1.0
7203,2.0
7204,6.0
7205,12.0
7206,7.0
7207,8.0
7208,15.0
7209,2.0
7210,0.0
7211,3.0
7212,12.0
7213,4.0
7214,2.0
7215,7.0
7216,11.0
7217,13.0
7218,12.0
7219,13.0
7220,8.0
7221,4.0
7222,8.0
7223,11.0
7224,10.0
7225,12.0
7226,15.0
7227,5.0
7228,9.0
7229,3.0
7230,10.0
7231,15.0
7232,3.0
7233,5.0
7234,4.0
7235,8.0
7236,13.0
7237,5.0
7238,6.0
7239,5.0
7240,14.0
7241,4.0
7242,10.0
7243,5.0
7244,3.0
7245,10.0
7246,13.0
7247,10.0
7248,8.0
7249,15.0
7250,3.0
7251,2.0
7252,3.0
7253,10.0
7254,5.0
7255,0.0
7256,14.0
7257,10.0
7258,15.0
7259,7.0
7260,6.0
7261,11.0
7262,9.0
7263,14.0
7264,10.0
7265,4.0
7266,10.0
7267,2.0
7268,3.0
7269,9.0
7270,12.0
7271,9.0
7272,7.0
7273,15.0
7274,8.0
7275,14.0
7276,3.0
7277,2.0
7278,0.0
7279,8.0
7280,10.0
7281,0.0
7282,3.0
7283,0.0
7284,2.0
7285,3.0
7286,14.0
7287,1.0
7288,12.0
7289,7.0
7290,4.0
7291,6.0
7292,3.0
7293,10.0
7294,4.0
7295,5.0
7296,4.0
7297,8.0
7298,6.0
7299,9.0
7300,11.0
7301,10.0
7302,3.0
7303,8.0
7304,3.0
7305,13.0
7306,1.0
7307,10.0
7308,14.0
7309,4.0
7310,8.0
7311,3.0
7312,8.0
7313,0.0
7314,7.0
7315,12.0
7316,2.0
7317,6.0
7318,12.0
7319,6.0
7320,9.0
7321,15.0
7322,12.0
7323,10.0
7324,10.0
7325,7.0
7326,1.0
7327,15.0
7328,11.0
7329,13.0
7330,11.0
7331,14.0
7332,2.0
7333,13.0
7334,8.0
7335,13.0
7336,11.0
7337,13.0
7338,0.0
7339,15.0
7340,2.0
7341,15.0
7342,9.0
7343,1.0
7344,13.0
7345,1.0
7346,13.0
7347,1.0
7348,2.0
7349,13.0
7350,8.0
7351,9.0
7352,13.0
7353,1.0
7354,9.0
7355,13.0
7356,2.0
7357,13.0
7358,8.0
7359,12.0
7360,4.0
7361,13.0
7362,3.0
7363,9.0
7364,13.0
7365,4.0
7366,6.0
7367,3.0
7368,1.0
7369,7.0
7370,12.0
7371,13.0
7372,0.0
7373,13.0
7374,10.0
7375,8.0
7376,9.0
7377,0.0
7378,15.0
7379,11.0
7380,2.0
7381,6.0
7382,5.0
7383,0.0
7384,5.0
7385,13.0
7386,11.0
7387,15.0
7388,5.0
7389,15.0
7390,10.0
7391,1.0
7392,1.0
7393,12.0
7394,15.0
7395,6.0
7396,5.0
7397,9.0
7398,12.0
7399,12.0
7400,2.0
7401,4.0
7402,15.0
7403,14.0
7404,10.0
7405,5.0
7406,12.0
7407,10.0
7408,5.0
7409,15.0
7410,13.0
7411,3.0
7412,12.0
7413,10.0
7414,2.0
7415,1.0
7416,11.0
7417,12.0
7418,5.0
7419,8.0
7420,10.0
7421,5.0
7422,2.0
7423,6.0
7424,2.0
7425,15.0
7426,14.0
7427,6.0
7428,12.0
7429,12.0
7430,11.0
7431,11.0
7432,2.0
7433,3.0
7434,2.0
7435,13.0
7436,10.0
7437,15.0
7438,2.0
7439,14.0
7440,3.0
7441,14.0
7442,12.0
7443,2.0
7444,14.0
7445,15.0
7446,5.0
7447,5.0
7448,9.0
7449,9.0
7450,15.0
7451,11.0
7452,14.0
7453,0.0
7454,8.0
7455,5.0
7456,5.0
7457,6.0
7458,0.0
7459,13.0
7460,14.0
7461,3.0
7462,10.0
7463,6.0
7464,12.0
7465,11.0
7466,11.0
7467,6.0
7468,12.0
7469,0.0
7470,12.0
7471,5.0
7472,14.0
7473,11.0
7474,10.0
7475,2.0
7476,0.0
7477,2.0
7478,0.0
7479,14.0
7480,5.0
7481,3.0
7482,1.0
7483,4.0
7484,0.0
7485,3.0
7486,7.0
7487,2.0
7488,8.0
7489,5.0
7490,13.0
7491,4.0
7492,8.0
7493,7.0
7494,15.0
7495,7.0
7496,7.0
7497,1.0
7498,2.0
7499,5.0
7500,4.0
7501,10.0
7502,12.0
7503,3.0
7504,8.0
7505,7.0
7506,5.0
7507,11.0
7508,15.0
7509,0.0
7510,11.0
7511,5.0
7512,11.0
7513,11.0
7514,10.0
7515,10.0
7516,10.0
7517,13.0
7518,15.0
7519,10.0
7520,12.0
7521,9.0
7522,9.0
7523,1.0
7524,15.0
7525,13.0
7526,5.0
7527,11.0
7528,0.0
7529,13.0
7530,14.0
7531,11.0
7532,4.0
7533,7.0
7534,8.0
7535,14.0
7536,12.0
7537,1.0
7538,8.0
7539,4.0
7540,2.0
7541,5.0
7542,10.0
7543,2.0
7544,1.0
7545,4.0
7546,0.0
7547,5.0
7548,14.0
7549,1.0
7550,14.0
7551,6.0
7552,11.0
7553,10.0
7554,0.0
7555,13.0
7556,10.0
7557,3.0
7558,3.0
7559,12.0
7560,11.0
7561,8.0
7562,15.0
7563,3.0
7564,2.0
7565,3.0
7566,12.0
7567,7.0
7568,6.0
7569,8.0
7570,2.0
7571,1.0
7572,12.0
7573,14.0
7574,1.0
7575,15.0
7576,11.0
7577,15.0
7578,10.0
7579,4.0
7580,7.0
7581,8.0
7582,4.0
7583,2.0
7584,5.0
7585,8.0
7586,7.0
7587,15.0
7588,1.0
7589,3.0
7590,13.0
7591,14.0
7592,8.0
7593,9.0
7594,15.0
7595,9.0
7596,14.0
7597,5.0
7598,10.0
7599,13.0
7600,3.0
7601,1.0
7602,3.0
7603,4.0
7604,1.0
7605,2.0
7606,12.0
7607,4.0
7608,2.0
7609,2.0
7610,12.0
7611,0.0
7612,14.0
7613,1.0
7614,8.0
7615,9.0
7616,5.0
7617,13.0
7618,6.0
7619,2.0
7620,9.0
7621,13.0
7622,15.0
7623,1.0
7624,6.0
7625,1.0
7626,0.0
7627,4.0
7628,5.0
7629,0.0
7630,5.0
7631,13.0
7632,0.0
7633,14.0
7634,11.0
7635,9.0
7636,7.0
7637,7.0
7638,15.0
7639,15.0
7640,13.0
7641,13.0
7642,0.0
7643,13.0
7644,1.0
7645,0.0
7646,5.0
7647,14.0
7648,3.0
7649,0.0
7650,12.0
7651,1.0
7652,14.0
7653,10.0
7654,13.0
7655,12.0
7656,11.0
7657,7.0
7658,15.0
7659,3.0
7660,12.0
7661,5.0
7662,7.0
7663,13.0
7664,8.0
7665,8.0
7666,5.0
7667,4.0
7668,0.0
7669,14.0
7670,10.0
7671,3.0
7672,13.0
7673,13.0
7674,0.0
7675,4.0
7676,12.0
7677,3.0
7678,9.0
7679,13.0
7680,8.0
7681,11.0
7682,4.0
7683,0.0
7684,1.0
7685,2.0
7686,6.0
7687,13.0
7688,9.0
7689,4.0
7690,13.0
7691,7.0
7692,11.0
7693,10.0
7694,3.0
7695,6.0
7696,9.0
7697,8.0
7698,12.0
7699,15.0
7700,12.0
7701,1.0
7702,13.0
7703,10.0
7704,1.0
7705,1.0
7706,13.0
7707,6.0
7708,6.0
7709,6.0
7710,14.0
7711,3.0
7712,14.0
7713,3.0
7714,7.0
7715,12.0
7716,5.0
7717,1.0
7718,7.0
7719,11.0
7720,15.0
7721,11.0
7722,0.0
7723,3.0
7724,8.0
7725,1.0
7726,15.0
7727,7.0
7728,2.0
7729,13.0
7730,15.0
7731,0.0
7732,14.0
7733,3.0
7734,14.0
7735,6.0
7736,8.0
7737,2.0
7738,7.0
7739,0.0
7740,11.0
7741,7.0
7742,1.0
7743,12.0
7744,5.0
7745,10.0
7746,7.0
7747,6.0
7748,9.0
7749,12.0
7750,3.0
7751,11.0
7752,4.0
7753,11.0
7754,1.0
7755,8.0
7756,14.0
7757,7.0
7758,7.0
7759,13.0
7760,8.0
7761,4.0
7762,13.0
7763,15.0
7764,8.0
7765,12.0
7766,1.0
7767,9.0
7768,1.0
7769,5.0
7770,3.0
7771,9.0
7772,14.0
7773,0.0
7774,14.0
7775,2.0
7776,1.0
7777,14.0
7778,10.0
7779,12.0
7780,15.0
7781,4.0
7782,9.0
7783,10.0
7784,12.0
7785,9.0
7786,3.0
7787,0.0
7788,7.0
7789,3.0
7790,0.0
7791,0.0
7792,9.0
7793,14.0
7794,8.0
7795,13.0
7796,13.0
7797,7.0
7798,5.0
7799,11.0
7800,12.0
7801,10.0
7802,11.0
7803,2.0
7804,14.0
7805,4.0
7806,0.0
7807,13.0
7808,14.0
7809,15.0
7810,6.0
7811,10.0
7812,0.0
7813,11.0
7814,6.0
7815,12.0
7816,0.0
7817,6.0
7818,5.0
7819,9.0
7820,12.0
7821,7.0
7822,13.0
7823,10.0
7824,1.0
7825,15.0
7826,14.0
7827,2.0
7828,1.0
7829,5.0
7830,10.0
7831,15.0
7832,2.0
7833,7.0
7834,15.0
7835,0.0
7836,10.0
7837,9.0
7838,2.0
7839,4.0
7840,3.0
7841,8.0
7842,11.0
7843,0.0
7844,8.0
7845,10.0
7846,5.0
7847,6.0
7848,2.0
7849,2.0
7850,11.0
7851,12.0
7852,10.0
7853,0.0
7854,7.0
7855,2.0
7856,11.0
7857,11.0
7858,13.0
7859,3.0
7860,2.0
7861,6.0
7862,5.0
7863,8.0
7864,2.0
7865,3.0
7866,3.0
7867,4.0
7868,4.0
7869,11.0
7870,6.0
7871,8.0
7872,0.0
7873,12.0
7874,11.0
7875,4.0
7876,9.0
7877,15.0
7878,15.0
7879,4.0
7880,14.0
7881,6.0
7882,13.0
7883,10.0
7884,12.0
7885,3.0
7886,8.0
7887,10.0
7888,8.0
7889,11.0
7890,6.0
7891,12.0
7892,6.0
7893,14.0
7894,14.0
7895,5.0
7896,5.0
7897,0.0
7898,14.0
7899,9.0
7900,7.0
7901,11.0
7902,13.0
7903,9.0
7904,14.0
7905,11.0
7906,2.0
7907,9.0
7908,6.0
7909,1.0
7910,11.0
7911,10.0
7912,11.0
7913,8.0
7914,5.0
7915,6.0
7916,15.0
7917,11.0
7918,1.0
7919,11.0
7920,5.0
7921,11.0
7922,11.0
7923,1.0
7924,7.0
7925,3.0
7926,11.0
7927,5.0
7928,14.0
7929,9.0
7930,5.0
7931,6.0
7932,6.0
7933,8.0
7934,13.0
7935,9.0
7936,0.0
7937,3.0
7938,10.0
7939,14.0
7940,12.0
7941,10.0
7942,14.0
7943,13.0
7944,3.0
7945,11.0
7946,15.0
7947,5.0
7948,11.0
7949,8.0
7950,5.0
7951,3.0
7952,10.0
7953,4.0
7954,3.0
7955,11.0
7956,5.0
7957,0.0
7958,7.0
7959,3.0
7960,9.0
7961,2.0
7962,14.0
7963,12.0
7964,0.0
7965,7.0
7966,2.0
7967,1.0
7968,13.0
7969,12.0
7970,13.0
7971,2.0
7972,9.0
7973,6.0
7974,15.0
7975,4.0
7976,0.0
7977,3.0
7978,4.0
7979,9.0
7980,11.0
7981,8.0
7982,9.0
7983,8.0
7984,12.0
7985,12.0
7986,15.0
7987,5.0
7988,5.0
7989,7.0
7990,4.0
7991,14.0
7992,0.0
7993,1.0
7994,9.0
7995,15.0
7996,10.0
7997,5.0
7998,13.0
7999,6.0
8000,3.0
8001,6.0
8002,8.0
8003,11.0
8004,0.0
8005,12.0
8006,7.0
8007,8.0
8008,3.0
8009,9.0
8010,9.0
8011,0.0
8012,10.0
8013,8.0
8014,10.0
8015,8.0
8016,12.0
8017,6.0
8018,11.0
8019,15.0
8020,11.0
8021,9.0
8022,1.0
8023,7.0
8024,13.0
8025,2.0
8026,6.0
8027,1.0
8028,14.0
8029,2.0
8030,11.0
8031,10.0
8032,12.0
8033,8.0
8034,4.0
8035,6.0
8036,2.0
8037,9.0
8038,8.0
8039,13.0
8040,2.0
8041,11.0
8042,2.0
8043,7.0
8044,4.0
8045,11.0
8046,15.0
8047,10.0
8048,4.0
8049,2.0
8050,4.0
8051,8.0
8052,2.0
8053,13.0
8054,2.0
8055,9.0
8056,15.0
8057,11.0
8058,8.0
8059,10.0
8060,5.0
8061,12.0
8062,15.0
8063,13.0
8064,10.0
8065,1.0
8066,12.0
8067,1.0
8068,15.0
8069,7.0
8070,12.0
8071,6.0
8072,0.0
8073,7.0
8074,7.0
8075,7.0
8076,3.0
8077,0.0
8078,6.0
8079,7.0
8080,0.0
8081,15.0
8082,5.0
8083,10.0
8084,10.0
8085,12.0
8086,6.0
8087,4.0
8088,11.0
8089,14.0
8090,0.0
8091,1.0
8092,10.0
8093,9.0
8094,3.0
8095,14.0
8096,14.0
8097,11.0
8098,15.0
8099,6.0
8100,10.0
8101,6.0
8102,2.0
8103,6.0
8104,6.0
8105,7.0
8106,7.0
8107,4.0
8108,6.0
8109,12.0
8110,1.0
8111,10.0
8112,15.0
8113,9.0
8114,13.0
8115,13.0
8116,14.0
8117,12.0
8118,0.0
8119,3.0
8120,4.0
8121,8.0
8122,10.0
8123,1.0
8124,1.0
8125,0.0
8126,7.0
8127,12.0
8128,4.0
8129,7.0
8130,3.0
8131,14.0
8132,15.0
8133,4.0
8134,5.0
8135,15.0
8136,7.0
8137,10.0
8138,0.0
8139,0.0
8140,4.0
8141,14.0
8142,5.0
8143,13.0
8144,13.0
8145,11.0
8146,3.0
8147,8.0
8148,7.0
8149,11.0
8150,9.0
8151,1.0
8152,6.0
8153,8.0
8154,12.0
8155,3.0
8156,0.0
8157,1.0
8158,4.0
8159,11.0
8160,3.0
8161,11.0
8162,12.0
8163,11.0
8164,5.0
8165,3.0
8166,9.0
8167,11.0
8168,6.0
8169,7.0
8170,15.0
8171,2.0
8172,13.0
8173,14.0
8174,6.0
8175,0.0
8176,13.0
8177,15.0
8178,8.0
8179,12.0
8180,15.0
8181,14.0
8182,9.0
8183,15.0
8184,2.0
8185,14.0
8186,9.0
8187,4.0
8188,4.0
8189,10.0
8190,9.0
8191,15.0
8192,11.0
8193,1.0
8194,14.0
8195,9.0
8196,0.0
8197,14.0
8198,0.0
8199,9.0
8200,4.0
8201,11.0
8202,1.0
8203,13.0
8204,14.0
8205,13.0
8206,6.0
8207,5.0
8208,2.0
8209,3.0
8210,1.0
8211,4.0
8212,6.0
8213,7.0
8214,1.0
8215,14.0
8216,8.0
8217,11.0
8218,1.0
8219,6.0
8220,11.0
8221,12.0
8222,14.0
8223,4.0
8224,12.0
8225,13.0
8226,9.0
8227,8.0
8228,2.0
8229,7.0
8230,9.0
8231,8.0
8232,1.0
8233,15.0
8234,8.0
8235,2.0
8236,10.0
8237,0.0
8238,11.0
8239,11.0
8240,8.0
8241,12.0
8242,5.0
8243,3.0
8244,11.0
8245,10.0
8246,4.0
8247,3.0
8248,12.0
8249,4.0
8250,4.0
8251,2.0
8252,7.0
8253,15.0
8254,0.0
8255,10.0
8256,5.0
8257,13.0
8258,9.0
8259,10.0
8260,13.0
8261,7.0
8262,14.0
8263,3.0
8264,10.0
8265,15.0
8266,1.0
8267,14.0
8268,10.0
8269,13.0
8270,4.0
8271,11.0
8272,14.0
8273,14.0
8274,13.0
8275,15.0
8276,6.0
8277,11.0
8278,6.0
8279,4.0
8280,8.0
8281,8.0
8282,15.0
8283,15.0
8284,9.0
8285,0.0
8286,9.0
8287,15.0
8288,13.0
8289,4.0
8290,8.0
8291,2.0
8292,4.0
8293,3.0
8294,9.0
8295,3.0
8296,1.0
8297,9.0
8298,15.0
8299,0.0
8300,3.0
8301,13.0
8302,4.0
8303,1.0
8304,1.0
8305,5.0
8306,13.0
8307,5.0
8308,9.0
8309,7.0
8310,4.0
8311,7.0
8312,2.0
8313,7.0
8314,1.0
8315,0.0
8316,15.0
8317,7.0
8318,5.0
8319,0.0
8320,6.0
8321,12.0
8322,0.0
8323,7.0
8324,4.0
8325,2.0
8326,15.0
8327,5.0
8328,5.0
8329,8.0
8330,6.0
8331,2.0
8332,8.0
8333,9.0
8334,8.0
8335,2.0
8336,10.0
8337,14.0
8338,1.0
8339,7.0
8340,12.0
8341,8.0
8342,8.0
8343,1.0
8344,7.0
8345,3.0
8346,2.0
8347,2.0
8348,11.0
8349,5.0
8350,6.0
8351,14.0
8352,4.0
8353,4.0
8354,7.0
8355,6.0
8356,2.0
8357,3.0
8358,11.0
8359,13.0
8360,15.0
8361,12.0
8362,7.0
8363,5.0
8364,4.0
8365,15.0
8366,12.0
8367,10.0
8368,0.0
8369,3.0
8370,13.0
8371,6.0
8372,0.0
8373,9.0
8374,8.0
8375,3.0
8376,0.0
8377,15.0
8378,0.0
8379,3.0
8380,6.0
8381,3.0
8382,1.0
8383,2.0
8384,3.0
8385,10.0
8386,8.0
8387,10.0
8388,10.0
8389,8.0
8390,12.0
8391,2.0
8392,15.0
8393,10.0
8394,11.0
8395,5.0
8396,6.0
8397,12.0
8398,15.0
8399,4.0
8400,14.0
8401,13.0
8402,12.0
8403,9.0
8404,7.0
8405,11.0
8406,3.0
8407,13.0
8408,12.0
8409,2.0
8410,0.0
8411,2.0
8412,15.0
8413,15.0
8414,3.0
8415,10.0
8416,14.0
8417,4.0
8418,10.0
8419,4.0
8420,11.0
8421,14.0
8422,8.0
8423,5.0
8424,6.0
8425,13.0
8426,10.0
8427,4.0
8428,11.0
8429,9.0
8430,5.0
8431,14.0
8432,4.0
8433,1.0
8434,4.0
8435,5.0
8436,7.0
8437,11.0
8438,10.0
8439,13.0
8440,7.0
8441,11.0
8442,4.0
8443,0.0
8444,13.0
8445,9.0
8446,15.0
8447,14.0
8448,2.0
8449,13.0
8450,0.0
8451,13.0
8452,13.0
8453,4.0
8454,2.0
8455,8.0
8456,13.0
8457,11.0
8458,6.0
8459,6.0
8460,3.0
8461,1.0
8462,15.0
8463,11.0
8464,3.0
8465,0.0
8466,15.0
8467,9.0
8468,12.0
8469,4.0
8470,3.0
8471,1.0
8472,6.0
8473,4.0
8474,12.0
8475,7.0
8476,13.0
8477,10.0
8478,6.0
8479,12.0
8480,10.0
8481,8.0
8482,13.0
8483,12.0
8484,2.0
8485,13.0
8486,3.0
8487,13.0
8488,6.0
8489,1.0
8490,1.0
8491,13.0
8492,10.0
8493,7.0
8494,10.0
8495,13.0
8496,12.0
8497,9.0
8498,3.0
8499,15.0
8500,15.0
8501,13.0
8502,14.0
8503,14.0
8504,8.0
8505,12.0
8506,2.0
8507,15.0
8508,13.0
8509,3.0
8510,9.0
8511,13.0
8512,8.0
8513,5.0
8514,9.0
8515,13.0
8516,5.0
8517,6.0
8518,4.0
8519,4.0
8520,5.0
8521,6.0
8522,15.0
8523,3.0
8524,2.0
8525,13.0
8526,13.0
8527,0.0
8528,0.0
8529,13.0
8530,15.0
8531,1.0
8532,6.0
8533,6.0
8534,0.0
8535,6.0
8536,6.0
8537,5.0
8538,10.0
8539,15.0
8540,4.0
8541,0.0
8542,15.0
8543,15.0
8544,6.0
8545,0.0
8546,7.0
8547,5.0
8548,13.0
8549,4.0
8550,7.0
8551,13.0
8552,9.0
8553,4.0
8554,5.0
8555,3.0
8556,1.0
8557,0.0
8558,5.0
8559,9.0
8560,15.0
8561,6.0
8562,8.0
8563,9.0
8564,9.0
8565,2.0
8566,7.0
8567,11.0
8568,5.0
8569,8.0
8570,0.0
8571,6.0
8572,7.0
8573,6.0
8574,7.0
8575,10.0
8576,6.0
8577,2.0
8578,8.0
8579,3.0
8580,3.0
8581,12.0
8582,8.0
8583,10.0
8584,15.0
8585,3.0
8586,12.0
8587,11.0
8588,9.0
8589,1.0
8590,11.0
8591,8.0
8592,1.0
8593,9.0
8594,0.0
8595,9.0
8596,12.0
8597,12.0
8598,9.0
8599,0.0
8600,15.0
8601,13.0
8602,5.0
8603,15.0
8604,5.0
8605,12.0
8606,14.0
8607,6.0
8608,13.0
8609,10.0
8610,10.0
8611,4.0
8612,10.0
8613,2.0
8614,14.0
8615,13.0
8616,2.0
8617,13.0
8618,4.0
8619,14.0
8620,4.0
8621,13.0
8622,12.0
8623,12.0
8624,15.0
8625,1.0
8626,13.0
8627,13.0
8628,15.0
8629,13.0
8630,9.0
8631,11.0
8632,7.0
8633,0.0
8634,14.0
8635,14.0
8636,11.0
8637,13.0
8638,9.0
8639,7.0
8640,15.0
8641,4.0
8642,15.0
8643,3.0
8644,0.0
8645,11.0
8646,13.0
8647,0.0
8648,8.0
8649,0.0
8650,5.0
8651,15.0
8652,12.0
8653,2.0
8654,1.0
8655,15.0
8656,8.0
8657,2.0
8658,10.0
8659,11.0
8660,4.0
8661,6.0
8662,15.0
8663,7.0
8664,10.0
8665,14.0
8666,13.0
8667,15.0
8668,14.0
8669,15.0
8670,4.0
8671,0.0
8672,12.0
8673,7.0
8674,10.0
8675,10.0
8676,13.0
8677,4.0
8678,12.0
8679,9.0
8680,13.0
8681,7.0
8682,6.0
8683,2.0
8684,10.0
8685,8.0
8686,1.0
8687,6.0
8688,11.0
8689,2.0
8690,11.0
8691,10.0
8692,12.0
8693,6.0
8694,9.0
8695,2.0
8696,0.0
8697,1.0
8698,9.0
8699,10.0
8700,14.0
8701,3.0
8702,5.0
8703,5.0
8704,7.0
8705,12.0
8706,3.0
8707,13.0
8708,13.0
8709,5.0
8710,14.0
8711,11.0
8712,8.0
8713,15.0
8714,14.0
8715,0.0
8716,7.0
8717,11.0
8718,5.0
8719,1.0
8720,14.0
8721,7.0
8722,12.0
8723,9.0
8724,4.0
8725,1.0
8726,6.0
8727,5.0
8728,14.0
8729,4.0
8730,15.0
8731,10.0
8732,2.0
8733,9.0
8734,11.0
8735,10.0
8736,8.0
8737,1.0
8738,3.0
8739,12.0
8740,3.0
8741,3.0
8742,15.0
8743,5.0
8744,11.0
8745,7.0
8746,2.0
8747,10.0
8748,14.0
8749,6.0
8750,2.0
8751,5.0
8752,0.0
8753,10.0
8754,7.0
8755,12.0
8756,9.0
8757,12.0
8758,7.0
8759,7.0
8760,2.0
8761,13.0
8762,7.0
8763,0.0
8764,0.0
8765,9.0
8766,1.0
8767,12.0
8768,9.0
8769,9.0
8770,14.0
8771,9.0
8772,9.0
8773,11.0
8774,9.0
8775,0.0
8776,14.0
8777,13.0
8778,1.0
8779,11.0
8780,11.0
8781,6.0
8782,12.0
8783,6.0
8784,10.0
8785,5.0
8786,13.0
8787,8.0
8788,5.0
8789,13.0
8790,10.0
8791,4.0
8792,7.0
8793,5.0
8794,5.0
8795,5.0
8796,10.0
8797,12.0
8798,0.0
8799,8.0
8800,3.0
8801,12.0
8802,6.0
8803,11.0
8804,5.0
8805,2.0
8806,14.0
8807,5.0
8808,9.0
8809,1.0
8810,4.0
8811,13.0
8812,6.0
8813,1.0
8814,12.0
8815,10.0
8816,14.0
8817,0.0
8818,7.0
8819,8.0
8820,13.0
8821,8.0
8822,2.0
8823,10.0
8824,13.0
8825,2.0
8826,3.0
8827,13.0
8828,8.0
8829,5.0
8830,7.0
8831,11.0
8832,9.0
8833,14.0
8834,15.0
8835,0.0
8836,2.0
8837,4.0
8838,11.0
8839,12.0
8840,4.0
8841,2.0
8842,5.0
8843,10.0
8844,9.0
8845,9.0
8846,3.0
8847,13.0
8848,0.0
8849,6.0
8850,5.0
8851,1.0
8852,0.0
8853,14.0
8854,7.0
8855,5.0
8856,12.0
8857,1.0
8858,14.0
8859,10.0
8860,7.0
8861,14.0
8862,9.0
8863,5.0
8864,5.0
8865,10.0
8866,8.0
8867,10.0
8868,8.0
8869,9.0
8870,6.0
8871,11.0
8872,3.0
8873,15.0
8874,1.0
8875,6.0
8876,9.0
8877,13.0
8878,7.0
8879,9.0
8880,1.0
8881,4.0
8882,0.0
8883,10.0
8884,8.0
8885,10.0
8886,1.0
8887,3.0
8888,2.0
8889,13.0
8890,5.0
8891,7.0
8892,7.0
8893,6.0
8894,11.0
8895,3.0
8896,10.0
8897,8.0
8898,13.0
8899,6.0
8900,11.0
8901,6.0
8902,8.0
8903,9.0
8904,2.0
8905,10.0
8906,9.0
8907,0.0
8908,12.0
8909,9.0
8910,3.0
8911,4.0
8912,8.0
8913,12.0
8914,2.0
8915,13.0
8916,14.0
8917,6.0
8918,1.0
8919,5.0
8920,5.0
8921,5.0
8922,3.0
8923,3.0
8924,7.0
8925,2.0
8926,1.0
8927,2.0
8928,9.0
8929,14.0
8930,7.0
8931,13.0
8932,0.0
8933,2.0
8934,10.0
8935,0.0
8936,11.0
8937,0.0
8938,15.0
8939,12.0
8940,5.0
8941,9.0
8942,4.0
8943,14.0
8944,10.0
8945,0.0
8946,9.0
8947,10.0
8948,6.0
8949,7.0
8950,1.0
8951,4.0
8952,0.0
8953,4.0
8954,5.0
8955,14.0
8956,1.0
8957,6.0
8958,6.0
8959,4.0
8960,15.0
8961,7.0
8962,12.0
8963,0.0
8964,15.0
8965,10.0
8966,5.0
8967,14.0
8968,15.0
8969,4.0
8970,12.0
8971,14.0
8972,3.0
8973,2.0
8974,6.0
8975,15.0
8976,1.0
8977,4.0
8978,8.0
8979,11.0
8980,8.0
8981,11.0
8982,4.0
8983,1.0
8984,11.0
8985,2.0
8986,13.0
8987,1.0
8988,6.0
8989,2.0
8990,2.0
8991,7.0
8992,14.0
8993,6.0
8994,7.0
8995,7.0
8996,11.0
8997,4.0
8998,5.0
8999,12.0
9000,4.0
9001,6.0
9002,13.0
9003,1.0
9004,15.0
9005,11.0
9006,8.0
9007,13.0
9008,14.0
9009,5.0
9010,0.0
9011,15.0
9012,1.0
9013,10.0
9014,11.0
9015,0.0
9016,15.0
9017,4.0
9018,13.0
9019,4.0
9020,14.0
9021,9.0
9022,11.0
9023,14.0
9024,15.0
9025,3.0
9026,13.0
9027,9.0
9028,0.0
9029,6.0
9030,1.0
9031,12.0
9032,13.0
9033,2.0
9034,3.0
9035,13.0
9036,10.0
9037,10.0
9038,5.0
9039,8.0
9040,9.0
9041,4.0
9042,7.0
9043,1.0
9044,4.0
9045,10.0
9046,9.0
9047,4.0
9048,14.0
9049,11.0
9050,6.0
9051,2.0
9052,5.0
9053,9.0
9054,14.0
9055,5.0
9056,14.0
9057,13.0
9058,5.0
9059,13.0
9060,1.0
9061,13.0
9062,9.0
9063,0.0
9064,3.0
9065,1.0
9066,5.0
9067,4.0
9068,13.0
9069,10.0
9070,6.0
9071,15.0
9072,2.0
9073,9.0
9074,11.0
9075,12.0
9076,13.0
9077,10.0
9078,4.0
9079,4.0
9080,12.0
9081,7.0
9082,15.0
9083,1.0
9084,3.0
9085,6.0
9086,7.0
9087,14.0
9088,7.0
9089,9.0
9090,13.0
9091,15.0
9092,12.0
9093,2.0
9094,10.0
9095,1.0
9096,1.0
9097,8.0
9098,4.0
9099,0.0
9100,12.0
9101,0.0
9102,14.0
9103,14.0
9104,12.0
9105,12.0
9106,7.0
9107,12.0
9108,11.0
9109,0.0
9110,10.0
9111,12.0
9112,5.0
9113,14.0
9114,3.0
9115,15.0
9116,15.0
9117,10.0
9118,1.0
9119,15.0
9120,1.0
9121,4.0
9122,15.0
9123,14.0
9124,0.0
9125,5.0
9126,6.0
9127,14.0
9128,14.0
9129,5.0
9130,13.0
9131,14.0
9132,9.0
9133,15.0
9134,12.0
9135,9.0
9136,1.0
9137,4.0
9138,10.0
9139,15.0
9140,8.0
9141,9.0
9142,9.0
9143,14.0
9144,9.0
9145,12.0
9146,13.0
9147,12.0
9148,4.0
9149,14.0
9150,11.0
9151,2.0
9152,13.0
9153,14.0
9154,14.0
9155,5.0
9156,12.0
9157,8.0
9158,12.0
9159,10.0
9160,11.0
9161,12.0
9162,9.0
9163,6.0
9164,5.0
9165,12.0
9166,9.0
9167,0.0
9168,2.0
9169,9.0
9170,0.0
9171,4.0
9172,12.0
9173,0.0
9174,2.0
9175,3.0
9176,15.0
9177,7.0
9178,6.0
9179,12.0
9180,2.0
9181,8.0
9182,10.0
9183,7.0
9184,5.0
9185,14.0
9186,12.0
9187,7.0
9188,14.0
9189,6.0
9190,8.0
9191,3.0
9192,2.0
9193,12.0
9194,1.0
9195,5.0
9196,3.0
9197,3.0
9198,11.0
9199,13.0
9200,9.0
9201,12.0
9202,10.0
9203,9.0
9204,4.0
9205,10.0
9206,1.0
9207,1.0
9208,4.0
9209,3.0
9210,8.0
9211,15.0
9212,5.0
9213,1.0
9214,3.0
9215,12.0
9216,1.0
9217,9.0
9218,4.0
9219,12.0
9220,1.0
9221,4.0
9222,13.0
9223,9.0
9224,10.0
9225,6.0
9226,7.0
9227,7.0
9228,8.0
9229,13.0
9230,1.0
9231,0.0
9232,1.0
9233,7.0
9234,15.0
9235,10.0
9236,15.0
9237,15.0
9238,5.0
9239,6.0
9240,9.0
9241,9.0
9242,1.0
9243,6.0
9244,15.0
9245,12.0
9246,0.0
9247,10.0
9248,5.0
9249,12.0
9250,12.0
9251,2.0
9252,7.0
9253,9.0
9254,11.0
9255,14.0
9256,11.0
9257,7.0
9258,6.0
9259,6.0
9260,10.0
9261,2.0
9262,11.0
9263,7.0
9264,8.0
9265,4.0
9266,9.0
9267,13.0
9268,5.0
9269,4.0
9270,12.0
9271,6.0
9272,1.0
9273,2.0
9274,5.0
9275,12.0
9276,12.0
9277,0.0
9278,11.0
9279,11.0
9280,14.0
9281,9.0
9282,2.0
9283,4.0
9284,12.0
9285,3.0
9286,0.0
9287,10.0
9288,2.0
9289,0.0
9290,12.0
9291,11.0
9292,9.0
9293,9.0
9294,11.0
9295,13.0
9296,9.0
9297,2.0
9298,6.0
9299,8.0
9300,14.0
9301,12.0
9302,5.0
9303,13.0
9304,4.0
9305,14.0
9306,14.0
9307,7.0
9308,0.0
9309,10.0
9310,4.0
9311,12.0
9312,6.0
9313,0.0
9314,12.0
9315,4.0
9316,3.0
9317,3.0
9318,10.0
9319,4.0
9320,5.0
9321,11.0
9322,9.0
9323,6.0
9324,5.0
9325,14.0
9326,8.0
9327,7.0
9328,11.0
9329,9.0
9330,3.0
9331,3.0
9332,9.0
9333,9.0
9334,1.0
9335,15.0
9336,0.0
9337,1.0
9338,0.0
9339,12.0
9340,3.0
9341,11.0
9342,10.0
9343,11.0
9344,12.0
9345,9.0
9346,13.0
9347,13.0
9348,2.0
9349,0.0
9350,10.0
9351,9.0
9352,9.0
9353,1.0
9354,6.0
9355,1.0
9356,8.0
9357,5.0
9358,6.0
9359,4.0
9360,1.0
9361,3.0
9362,7.0
9363,1.0
9364,7.0
9365,2.0
9366,0.0
9367,2.0
9368,4.0
9369,1.0
9370,10.0
9371,14.0
9372,4.0
9373,5.0
9374,12.0
9375,14.0
9376,10.0
9377,4.0
9378,3.0
9379,8.0
9380,8.0
9381,1.0
9382,6.0
9383,7.0
9384,15.0
9385,1.0
9386,10.0
9387,12.0
9388,11.0
9389,1.0
9390,4.0
9391,12.0
9392,3.0
9393,5.0
9394,6.0
9395,10.0
9396,15.0
9397,1.0
9398,0.0
9399,14.0
9400,3.0
9401,13.0
9402,10.0
9403,6.0
9404,5.0
9405,8.0
9406,1.0
9407,8.0
9408,2.0
9409,5.0
9410,0.0
9411,6.0
9412,14.0
9413,9.0
9414,1.0
9415,11.0
9416,7.0
9417,7.0
9418,8.0
9419,5.0
9420,0.0
9421,2.0
9422,11.0
9423,7.0
9424,14.0
9425,7.0
9426,5.0
9427,10.0
9428,1.0
9429,6.0
9430,14.0
9431,9.0
9432,6.0
9433,1.0
9434,10.0
9435,12.0
9436,9.0
9437,11.0
9438,5.0
9439,9.0
9440,6.0
9441,4.0
9442,7.0
9443,7.0
9444,6.0
9445,8.0
9446,8.0
9447,0.0
9448,3.0
9449,4.0
9450,0.0
9451,13.0
9452,15.0
9453,13.0
9454,15.0
9455,5.0
9456,3.0
9457,14.0
9458,7.0
9459,1.0
9460,7.0
9461,10.0
9462,7.0
9463,1.0
9464,14.0
9465,1.0
9466,14.0
9467,7.0
9468,4.0
9469,10.0
9470,12.0
9471,6.0
9472,14.0
9473,2.0
9474,5.0
9475,4.0
9476,14.0
9477,7.0
9478,11.0
9479,8.0
9480,8.0
9481,6.0
9482,15.0
9483,10.0
9484,1.0
9485,4.0
9486,12.0
9487,15.0
9488,15.0
9489,3.0
9490,15.0
9491,3.0
9492,2.0
9493,2.0
9494,4.0
9495,10.0
9496,1.0
9497,0.0
9498,10.0
9499,13.0
9500,6.0
9501,3.0
9502,13.0
9503,2.0
9504,0.0
9505,8.0
9506,11.0
9507,12.0
9508,14.0
9509,13.0
9510,9.0
9511,2.0
9512,13.0
9513,14.0
9514,10.0
9515,15.0
9516,10.0
9517,15.0
9518,14.0
9519,7.0
9520,10.0
9521,0.0
9522,7.0
9523,1.0
9524,9.0
9525,13.0
9526,12.0
9527,5.0
9528,2.0
9529,3.0
9530,3.0
9531,15.0
9532,4.0
9533,6.0
9534,2.0
9535,10.0
9536,5.0
9537,1.0
9538,7.0
9539,12.0
9540,10.0
9541,4.0
9542,10.0
9543,13.0
9544,2.0
9545,0.0
9546,15.0
9547,14.0
9548,7.0
9549,5.0
9550,4.0
9551,0.0
9552,1.0
9553,1.0
9554,6.0
9555,2.0
9556,6.0
9557,4.0
9558,6.0
9559,5.0
9560,13.0
9561,3.0
9562,10.0
9563,0.0
9564,14.0
9565,2.0
9566,7.0
9567,9.0
9568,3.0
9569,11.0
9570,6.0
9571,15.0
9572,2.0
9573,14.0
9574,4.0
9575,10.0
9576,4.0
9577,2.0
9578,9.0
9579,7.0
9580,15.0
9581,0.0
9582,4.0
9583,11.0
9584,4.0
9585,10.0
9586,2.0
9587,0.0
9588,3.0
9589,14.0
9590,6.0
9591,5.0
9592,12.0
9593,7.0
9594,4.0
9595,8.0
9596,8.0
9597,5.0
9598,3.0
9599,8.0
9600,0.0
9601,10.0
9602,0.0
9603,15.0
9604,8.0
9605,15.0
9606,7.0
9607,5.0
9608,3.0
9609,0.0
9610,3.0
9611,2.0
9612,14.0
9613,13.0
9614,10.0
9615,0.0
9616,3.0
9617,8.0
9618,2.0
9619,2.0
9620,13.0
9621,14.0
9622,6.0
9623,15.0
9624,7.0
9625,4.0
9626,11.0
9627,14.0
9628,5.0
9629,13.0
9630,11.0
9631,14.0
9632,14.0
9633,5.0
9634,14.0
9635,5.0
9636,7.0
9637,4.0
9638,0.0
9639,5.0
9640,14.0
9641,7.0
9642,9.0
9643,9.0
9644,1.0
9645,10.0
9646,9.0
9647,7.0
9648,7.0
9649,6.0
9650,11.0
9651,10.0
9652,13.0
9653,10.0
9654,4.0
9655,11.0
9656,0.0
9657,13.0
9658,14.0
9659,15.0
9660,6.0
9661,1.0
9662,11.0
9663,2.0
9664,9.0
9665,14.0
9666,8.0
9667,3.0
9668,6.0
9669,13.0
9670,10.0
9671,13.0
9672,1.0
9673,11.0
9674,15.0
9675,3.0
9676,6.0
9677,2.0
9678,11.0
9679,13.0
9680,15.0
9681,0.0
9682,1.0
9683,10.0
9684,12.0
9685,14.0
9686,0.0
9687,1.0
9688,12.0
9689,12.0
9690,10.0
9691,2.0
9692,13.0
9693,2.0
9694,1.0
9695,1.0
9696,7.0
9697,15.0
9698,11.0
9699,2.0
9700,6.0
9701,2.0
9702,13.0
9703,8.0
9704,8.0
9705,4.0
9706,0.0
9707,15.0
9708,13.0
9709,8.0
9710,13.0
9711,5.0
9712,13.0
9713,14.0
9714,10.0
9715,7.0
9716,1.0
9717,4.0
9718,15.0
9719,11.0
9720,15.0
9721,2.0
9722,3.0
9723,0.0
9724,5.0
9725,10.0
9726,15.0
9727,14.0
9728,3.0
9729,14.0
9730,15.0
9731,4.0
9732,7.0
9733,7.0
9734,8.0
9735,3.0
9736,1.0
9737,12.0
9738,9.0
9739,13.0
9740,1.0
9741,10.0
9742,4.0
9743,14.0
9744,5.0
9745,6.0
9746,7.0
9747,6.0
9748,15.0
9749,8.0
9750,3.0
9751,1.0
9752,14.0
9753,5.0
9754,14.0
9755,3.0
9756,0.0
9757,1.0
9758,7.0
9759,13.0
9760,9.0
9761,11.0
9762,14.0
9763,5.0
9764,2.0
9765,0.0
9766,0.0
9767,6.0
9768,12.0
9769,1.0
9770,12.0
9771,12.0
9772,12.0
9773,5.0
9774,11.0
9775,7.0
9776,11.0
9777,6.0
9778,3.0
9779,7.0
9780,13.0
9781,11.0
9782,0.0
9783,8.0
9784,8.0
9785,6.0
9786,6.0
9787,3.0
9788,15.0
9789,12.0
9790,1.0
9791,3.0
9792,12.0
9793,4.0
9794,14.0
9795,8.0
9796,2.0
9797,15.0
9798,5.0
9799,12.0
9800,11.0
9801,4.0
9802,1.0
9803,10.0
9804,14.0
9805,12.0
9806,2.0
9807,5.0
9808,1.0
9809,5.0
9810,8.0
9811,7.0
9812,10.0
9813,8.0
9814,5.0
9815,4.0
9816,5.0
9817,2.0
9818,12.0
9819,13.0
9820,11.0
9821,9.0
9822,12.0
9823,4.0
9824,3.0
9825,4.0
9826,15.0
9827,15.0
9828,12.0
9829,4.0
9830,8.0
9831,14.0
9832,6.0
9833,8.0
9834,11.0
9835,2.0
9836,10.0
9837,11.0
9838,7.0
9839,14.0
9840,5.0
9841,6.0
9842,4.0
9843,14.0
9844,8.0
9845,11.0
9846,5.0
9847,6.0
9848,12.0
9849,9.0
9850,9.0
9851,12.0
9852,9.0
9853,0.0
9854,4.0
9855,7.0
9856,1.0
9857,2.0
9858,12.0
9859,7.0
9860,5.0
9861,1.0
9862,13.0
9863,4.0
9864,9.0
9865,8.0
9866,9.0
9867,6.0
9868,10.0
9869,10.0
9870,14.0
9871,12.0
9872,9.0
9873,13.0
9874,15.0
9875,9.0
9876,8.0
9877,14.0
9878,11.0
9879,5.0
9880,2.0
9881,14.0
9882,10.0
9883,2.0
9884,4.0
9885,9.0
9886,0.0
9887,14.0
9888,12.0
9889,4.0
9890,11.0
9891,13.0
9892,1.0
9893,15.0
9894,9.0
9895,4.0
9896,1.0
9897,2.0
9898,7.0
9899,13.0
9900,0.0
9901,15.0
9902,0.0
9903,2.0
9904,13.0
9905,5.0
9906,8.0
9907,3.0
9908,0.0
9909,7.0
9910,12.0
9911,12.0
9912,4.0
9913,0.0
9914,13.0
9915,7.0
9916,2.0
9917,0.0
9918,1.0
9919,0.0
9920,5.0
9921,3.0
9922,14.0
9923,10.0
9924,10.0
9925,12.0
9926,14.0
9927,2.0
9928,1.0
9929,11.0
9930,13.0
9931,10.0
9932,10.0
9933,13.0
9934,9.0
9935,13.0
9936,7.0
9937,1.0
9938,13.0
9939,9.0
9940,0.0
9941,15.0
9942,9.0
9943,0.0
9944,11.0
9945,2.0
9946,11.0
9947,1.0
9948,15.0
9949,11.0
9950,6.0
9951,5.0
9952,12.0
9953,2.0
9954,8.0
9955,13.0
9956,1.0
9957,12.0
9958,11.0
9959,3.0
9960,14.0
